workerid,trial_type,stim_type,trial_num,trial_prompt,stim_category0,stim_category1,stim_category2,stim_category3,stim_category4,slider2,slider3,slider0,slider1,slider4,stim_property,stim_determiner
0,prior_elicitation,accidental,0,catprop,taifels,javs,lorches,frams,luzaks,0.07,0.2,0.81,0.25,0.37,cracked claws,generic
0,prior_elicitation,accidental,1,catprop,mooks,ludinos,blins,zoovs,noobs,0.66,0.32,0.3,0.16,0.92,muddy feathers,generic
0,prior_elicitation,accidental,2,catprop,zorbs,feps,krivels,glippets,stups,0.23,0.3,0.38,0.15,0.7,broken tails,generic
0,prior_elicitation,accidental,3,catprop,moxes,reesles,ollers,thups,dorbs,0.01,0.2,0.09,0.5,0.27,fungus-covered scales,generic
0,prior_elicitation,accidental,4,catprop,ackles,cheebas,kazzes,sapers,elleps,0.32,0.45,0.25,0.79,0.2,swollen ears,generic
0,prior_elicitation,accidental,5,catprop,plovs,morseths,daiths,trufts,kweps,0.09,0.23,0.03,0.16,0.31,infected scales,generic
1,prior_elicitation,accidental,0,catprop,thups,feps,moxes,ackles,dorbs,0.05,0.02,0.29,0.08,0.01,fungus-covered claws,generic
1,prior_elicitation,accidental,1,catprop,reesles,daiths,mooks,frams,ollers,0.14,0,0,0.41,0.01,rotting shells,generic
1,prior_elicitation,accidental,2,catprop,luzaks,trufts,ludinos,blins,noobs,0.18,0,0.41,0.71,0,wet fur,generic
1,prior_elicitation,accidental,3,catprop,javs,zoovs,kweps,elleps,krivels,0.01,0.24,0.5,0.45,0.08,cracked claws,generic
1,prior_elicitation,accidental,4,catprop,kazzes,sapers,taifels,glippets,lorches,0.04,0.13,0.15,0.21,0.02,infected scales,generic
1,prior_elicitation,accidental,5,catprop,plovs,zorbs,stups,morseths,cheebas,0.21,0.28,0.55,0.44,0.33,cracked shells,generic
2,prior_elicitation,accidental,0,catprop,plovs,moxes,elleps,taifels,dorbs,0.1,0.02,0.03,0.14,0.17,broken legs,generic
2,prior_elicitation,accidental,1,catprop,stups,morseths,luzaks,lorches,kazzes,0.18,0.11,0.04,0.34,0.56,itchy tails,generic
2,prior_elicitation,accidental,2,catprop,mooks,glippets,frams,sapers,zoovs,0.01,0.19,0.08,0.02,0.1,broken tails,generic
2,prior_elicitation,accidental,3,catprop,cheebas,zorbs,ackles,daiths,krivels,0.18,0.09,0.27,0.04,0.32,cracked claws,generic
2,prior_elicitation,accidental,4,catprop,reesles,thups,trufts,javs,ollers,0.04,0.12,0.27,0.01,0.2,fungus-covered claws,generic
2,prior_elicitation,accidental,5,catprop,ludinos,feps,kweps,blins,noobs,0,0.15,0.06,0,0.25,muddy feathers,generic
3,prior_elicitation,accidental,0,catprop,kweps,zoovs,zorbs,moxes,javs,0.22,0.56,0.37,0.76,0.33,sore legs,generic
3,prior_elicitation,accidental,1,catprop,plovs,thups,taifels,daiths,ackles,0.33,0.48,0.66,0.63,0.72,infected ears,generic
3,prior_elicitation,accidental,2,catprop,noobs,glippets,lorches,elleps,kazzes,0.67,0.21,0.77,0.2,0.75,itchy skin,generic
3,prior_elicitation,accidental,3,catprop,frams,morseths,feps,ollers,trufts,0.06,0.05,0.05,0.05,0.23,broken legs,generic
3,prior_elicitation,accidental,4,catprop,reesles,dorbs,sapers,krivels,mooks,0.1,0.07,0.06,0.16,0.45,muddy fur,generic
3,prior_elicitation,accidental,5,catprop,blins,luzaks,ludinos,stups,cheebas,0.1,0.07,0.2,0.42,0.08,wet feathers,generic
4,prior_elicitation,accidental,0,catprop,plovs,daiths,stups,noobs,frams,0.37,0.12,0.57,0.15,0.33,fungus-covered claws,generic
4,prior_elicitation,accidental,1,catprop,thups,zoovs,moxes,taifels,sapers,0.56,0.61,0.07,0.07,0.87,sore teeth,generic
4,prior_elicitation,accidental,2,catprop,krivels,morseths,elleps,ackles,ludinos,0.57,0.26,0.02,0.57,0.09,rotting teeth,generic
4,prior_elicitation,accidental,3,catprop,feps,dorbs,trufts,kweps,lorches,0.01,0.03,0.01,0.29,0.47,broken legs,generic
4,prior_elicitation,accidental,4,catprop,glippets,luzaks,ollers,zorbs,cheebas,0.08,0.01,0.01,0.45,0.01,muddy fur,generic
4,prior_elicitation,accidental,5,catprop,javs,reesles,mooks,blins,kazzes,0.02,0.02,0.02,0.01,0.02,wet feathers,generic
5,prior_elicitation,accidental,0,catprop,reesles,kazzes,blins,stups,noobs,0.11,0.11,0.09,0.1,0.09,itchy tails,generic
5,prior_elicitation,accidental,1,catprop,elleps,thups,kweps,ludinos,zoovs,0.15,0.16,0.22,0.14,0.17,cracked shells,generic
5,prior_elicitation,accidental,2,catprop,feps,luzaks,frams,sapers,ollers,0.08,0.08,0.08,0.08,0.09,fungus-covered claws,generic
5,prior_elicitation,accidental,3,catprop,morseths,trufts,moxes,cheebas,krivels,0.1,0.1,0.09,0.09,0.1,itchy skin,generic
5,prior_elicitation,accidental,4,catprop,daiths,dorbs,ackles,mooks,taifels,0.09,0.08,0.09,0.09,0.08,fungus-covered scales,generic
5,prior_elicitation,accidental,5,catprop,plovs,lorches,zorbs,glippets,javs,0.47,0.5,0.48,0.48,0.5,muddy fur,generic
6,prior_elicitation,accidental,0,catprop,mooks,sapers,blins,trufts,zorbs,0.61,0.38,0.38,0.08,0.44,sore teeth,generic
6,prior_elicitation,accidental,1,catprop,dorbs,taifels,javs,krivels,glippets,0.14,0,0.05,0.82,0.04,broken tails,generic
6,prior_elicitation,accidental,2,catprop,morseths,frams,kweps,kazzes,lorches,0.02,0.05,0.02,0.03,0.11,broken legs,generic
6,prior_elicitation,accidental,3,catprop,stups,daiths,feps,reesles,ollers,0.01,0.26,0,0.04,0.05,infected scales,generic
6,prior_elicitation,accidental,4,catprop,plovs,elleps,zoovs,cheebas,thups,0.17,0,0.01,0.08,0.13,cracked shells,generic
6,prior_elicitation,accidental,5,catprop,ludinos,noobs,moxes,ackles,luzaks,0.02,0.35,0.01,0.02,0.54,itchy tails,generic
7,prior_elicitation,accidental,0,catprop,plovs,daiths,sapers,blins,zoovs,0.74,0.24,0.27,0.16,0.47,rotting teeth,generic
7,prior_elicitation,accidental,1,catprop,dorbs,mooks,taifels,glippets,frams,0.19,0.38,0.34,0.62,0.27,sore teeth,generic
7,prior_elicitation,accidental,2,catprop,noobs,kweps,lorches,reesles,morseths,0.78,0.02,0.09,0.08,0.08,cracked shells,generic
7,prior_elicitation,accidental,3,catprop,feps,ludinos,krivels,luzaks,cheebas,0.4,0.33,0.36,0.58,0.28,fungus-covered scales,generic
7,prior_elicitation,accidental,4,catprop,ackles,ollers,kazzes,trufts,stups,0,0.07,0.67,0.63,0.46,fungus-covered claws,generic
7,prior_elicitation,accidental,5,catprop,zorbs,thups,elleps,javs,moxes,0.6,0.41,0.72,0.61,0.41,cracked claws,generic
8,prior_elicitation,accidental,0,catprop,lorches,dorbs,zoovs,kazzes,sapers,0.41,0.63,0.12,0.24,0.79,infected ears,generic
8,prior_elicitation,accidental,1,catprop,stups,cheebas,zorbs,elleps,javs,0.11,0.64,0.44,0.51,0.56,itchy tails,generic
8,prior_elicitation,accidental,2,catprop,plovs,trufts,ollers,noobs,ludinos,0.23,0.55,0.31,0.55,0.67,itchy skin,generic
8,prior_elicitation,accidental,3,catprop,daiths,morseths,frams,taifels,reesles,0.81,0.58,0.54,0.25,0.36,rotting teeth,generic
8,prior_elicitation,accidental,4,catprop,thups,luzaks,blins,ackles,moxes,0.28,0.6,0.35,0.53,0.38,fungus-covered claws,generic
8,prior_elicitation,accidental,5,catprop,glippets,kweps,mooks,krivels,feps,0.62,0.43,0.6,0.34,0.68,broken tails,generic
9,prior_elicitation,accidental,0,catprop,glippets,zoovs,feps,luzaks,trufts,0.35,0.1,0.56,0.42,0.09,rotting shells,generic
9,prior_elicitation,accidental,1,catprop,dorbs,blins,thups,moxes,elleps,0.72,0.73,0.33,0.38,0.41,infected ears,generic
9,prior_elicitation,accidental,2,catprop,taifels,daiths,reesles,sapers,lorches,0.43,0.2,0.71,0.7,0.15,wet feathers,generic
9,prior_elicitation,accidental,3,catprop,frams,morseths,ackles,ollers,krivels,0.65,0.36,0.25,0.46,0.19,fungus-covered claws,generic
9,prior_elicitation,accidental,4,catprop,plovs,zorbs,javs,noobs,kweps,0.28,0.69,0.28,0.23,0.71,sore teeth,generic
9,prior_elicitation,accidental,5,catprop,kazzes,mooks,cheebas,ludinos,stups,0.19,0.22,0.55,0.22,0.71,itchy skin,generic
10,prior_elicitation,accidental,0,catprop,sapers,moxes,javs,morseths,feps,0.1,0.09,0.08,0.09,0.08,rotting teeth,generic
10,prior_elicitation,accidental,1,catprop,kazzes,krivels,zoovs,blins,lorches,0.07,0.09,0.08,0.09,0.07,sore legs,generic
10,prior_elicitation,accidental,2,catprop,ludinos,luzaks,thups,elleps,kweps,0.08,0.09,0.07,0.08,0.08,itchy tails,generic
10,prior_elicitation,accidental,3,catprop,ollers,frams,noobs,trufts,reesles,0.08,0.08,0.07,0.07,0.1,swollen skin,generic
10,prior_elicitation,accidental,4,catprop,daiths,cheebas,stups,taifels,zorbs,0.24,0.09,0.1,0.07,0.09,broken legs,generic
10,prior_elicitation,accidental,5,catprop,glippets,plovs,mooks,ackles,dorbs,0.07,0.07,0.08,0.08,0.11,fungus-covered claws,generic
11,prior_elicitation,accidental,0,catprop,ludinos,thups,stups,blins,moxes,0.32,0.64,0.63,0.4,0.33,itchy skin,generic
11,prior_elicitation,accidental,1,catprop,ackles,feps,mooks,glippets,zoovs,0.72,0.55,0.41,0.91,0.65,muddy fur,generic
11,prior_elicitation,accidental,2,catprop,morseths,daiths,ollers,elleps,javs,0.82,0.28,0.86,0.23,0.39,infected ears,generic
11,prior_elicitation,accidental,3,catprop,trufts,sapers,noobs,taifels,luzaks,0.6,0.83,0.6,0.79,0.65,sore legs,generic
11,prior_elicitation,accidental,4,catprop,kazzes,dorbs,cheebas,kweps,reesles,0.5,0.32,0.81,0.38,0.69,itchy tails,generic
11,prior_elicitation,accidental,5,catprop,zorbs,plovs,frams,krivels,lorches,0.36,0.76,0.81,0.86,0.66,swollen skin,generic
12,prior_elicitation,accidental,0,catprop,trufts,kazzes,blins,frams,zoovs,0.76,0.18,0,0,0,rotting shells,generic
12,prior_elicitation,accidental,1,catprop,morseths,reesles,javs,sapers,plovs,0.25,0.75,0.06,0.23,0.06,infected scales,generic
12,prior_elicitation,accidental,2,catprop,daiths,taifels,stups,elleps,lorches,0.07,0,0.12,0.77,0,itchy tails,generic
12,prior_elicitation,accidental,3,catprop,mooks,kweps,dorbs,zorbs,glippets,0,0.02,0.06,0.59,0.01,fungus-covered claws,generic
12,prior_elicitation,accidental,4,catprop,krivels,ackles,noobs,moxes,feps,0,0,0.08,0.64,0,fungus-covered scales,generic
12,prior_elicitation,accidental,5,catprop,ludinos,thups,cheebas,ollers,luzaks,0.02,0.55,0.72,0.02,0.01,muddy fur,generic
13,prior_elicitation,accidental,0,catprop,thups,blins,moxes,morseths,lorches,0.25,0.22,0.23,0.24,0.23,wet feathers,generic
13,prior_elicitation,accidental,1,catprop,glippets,ollers,noobs,elleps,javs,0.26,0.25,0.25,0.25,0.25,muddy fur,generic
13,prior_elicitation,accidental,2,catprop,mooks,zoovs,sapers,ackles,dorbs,0.26,0.25,0.26,0.23,0.25,rotting shells,generic
13,prior_elicitation,accidental,3,catprop,ludinos,reesles,daiths,krivels,plovs,0.23,0.22,0.22,0.21,0.23,muddy feathers,generic
13,prior_elicitation,accidental,4,catprop,stups,frams,taifels,kweps,kazzes,0.08,0.09,0.11,0.11,0.09,infected ears,generic
13,prior_elicitation,accidental,5,catprop,zorbs,cheebas,luzaks,trufts,feps,0.16,0.16,0.14,0.16,0.19,wet fur,generic
14,prior_elicitation,accidental,0,catprop,cheebas,daiths,krivels,kweps,noobs,0.1,0.43,0.01,0.1,1,broken tails,generic
14,prior_elicitation,accidental,1,catprop,lorches,ollers,plovs,taifels,reesles,0,0.44,0,0,0.2,cracked shells,generic
14,prior_elicitation,accidental,2,catprop,frams,ludinos,mooks,blins,stups,0,0,0.47,0.18,0,muddy feathers,generic
14,prior_elicitation,accidental,3,catprop,glippets,javs,kazzes,ackles,dorbs,0,0.25,0,0,0.11,rotting shells,generic
14,prior_elicitation,accidental,4,catprop,zoovs,zorbs,trufts,thups,moxes,0.45,0,0,0,0,fungus-covered scales,generic
14,prior_elicitation,accidental,5,catprop,luzaks,elleps,sapers,feps,morseths,0.26,0,0,0.48,0,itchy skin,generic
15,prior_elicitation,accidental,0,catprop,morseths,frams,stups,javs,thups,0.04,0.04,0.03,0.04,0.03,wet feathers,generic
15,prior_elicitation,accidental,1,catprop,zoovs,krivels,luzaks,kweps,glippets,0.84,0.84,0.84,0.84,0.83,itchy skin,generic
15,prior_elicitation,accidental,2,catprop,dorbs,ollers,moxes,sapers,taifels,0.05,0.05,0.03,0.04,0.05,fungus-covered scales,generic
15,prior_elicitation,accidental,3,catprop,lorches,cheebas,plovs,blins,noobs,0.04,0.05,0.04,0.04,0.05,muddy feathers,generic
15,prior_elicitation,accidental,4,catprop,trufts,kazzes,daiths,reesles,ackles,0.04,0.05,0.04,0.04,0.04,swollen ears,generic
15,prior_elicitation,accidental,5,catprop,ludinos,mooks,elleps,feps,zorbs,0.03,0.04,0.02,0.03,0.04,sore legs,generic
16,prior_elicitation,accidental,0,catprop,mooks,blins,zoovs,daiths,trufts,0.21,0,0.47,0,0.63,sore legs,generic
16,prior_elicitation,accidental,1,catprop,glippets,ackles,noobs,javs,plovs,0.96,0.3,0.79,0.14,0.52,sore teeth,generic
16,prior_elicitation,accidental,2,catprop,kazzes,stups,taifels,reesles,sapers,0.73,0.95,0.59,0.52,0,muddy fur,generic
16,prior_elicitation,accidental,3,catprop,frams,ollers,morseths,krivels,zorbs,0.96,0,0.14,0.64,0,cracked shells,generic
16,prior_elicitation,accidental,4,catprop,moxes,cheebas,ludinos,lorches,feps,0.34,0,1,0.24,0,infected scales,generic
16,prior_elicitation,accidental,5,catprop,elleps,thups,luzaks,dorbs,kweps,0.01,0.48,0.23,0,0.11,infected ears,generic
17,prior_elicitation,accidental,0,catprop,zoovs,cheebas,sapers,zorbs,elleps,0.05,0.61,0.77,0.01,0.61,wet feathers,generic
17,prior_elicitation,accidental,1,catprop,frams,moxes,daiths,kweps,noobs,0.77,0.65,0.69,0.03,0.03,swollen skin,generic
17,prior_elicitation,accidental,2,catprop,feps,luzaks,kazzes,ollers,dorbs,0.66,0.07,0.02,0.65,0.15,sore teeth,generic
17,prior_elicitation,accidental,3,catprop,reesles,trufts,krivels,ludinos,thups,0.35,0.4,0.75,0.11,0.43,fungus-covered claws,generic
17,prior_elicitation,accidental,4,catprop,javs,glippets,morseths,ackles,mooks,0.78,0.3,0.07,0.05,0.58,cracked claws,generic
17,prior_elicitation,accidental,5,catprop,lorches,blins,taifels,stups,plovs,0.77,0.56,0.01,0.04,0.6,cracked shells,generic
18,prior_elicitation,accidental,0,catprop,zoovs,frams,mooks,ludinos,stups,0.1,0,0.04,0,0,cracked shells,generic
18,prior_elicitation,accidental,1,catprop,trufts,dorbs,moxes,luzaks,blins,0.37,0.07,0.58,0.05,0.1,fungus-covered scales,generic
18,prior_elicitation,accidental,2,catprop,lorches,plovs,elleps,kazzes,ackles,0,0,0.03,0,0.07,broken legs,generic
18,prior_elicitation,accidental,3,catprop,cheebas,daiths,zorbs,glippets,sapers,0.13,0,0,0,0,itchy skin,generic
18,prior_elicitation,accidental,4,catprop,taifels,ollers,kweps,javs,feps,0,0,0.04,0,0,swollen skin,generic
18,prior_elicitation,accidental,5,catprop,noobs,krivels,morseths,reesles,thups,0.09,0,0.24,0,0,wet feathers,generic
19,prior_elicitation,accidental,0,catprop,krivels,cheebas,feps,taifels,zoovs,0.14,0.11,0.2,0.09,0.07,swollen skin,generic
19,prior_elicitation,accidental,1,catprop,reesles,zorbs,plovs,morseths,thups,0.23,0.34,0.26,0.14,0.36,infected ears,generic
19,prior_elicitation,accidental,2,catprop,lorches,ollers,moxes,javs,mooks,0.06,0.06,0.21,0.13,0.11,broken legs,generic
19,prior_elicitation,accidental,3,catprop,ackles,dorbs,luzaks,glippets,blins,0.36,0.12,0.42,0.18,0.1,cracked claws,generic
19,prior_elicitation,accidental,4,catprop,daiths,elleps,sapers,ludinos,kazzes,0.38,0.28,0.25,0.2,0.14,infected scales,generic
19,prior_elicitation,accidental,5,catprop,trufts,frams,kweps,noobs,stups,0.3,0.25,0.18,0.28,0.14,sore teeth,generic
20,prior_elicitation,accidental,0,catprop,ollers,dorbs,lorches,elleps,javs,0.21,0.23,0.2,0.2,0.24,rotting shells,generic
20,prior_elicitation,accidental,1,catprop,moxes,frams,taifels,feps,reesles,0.22,0.25,0.2,0.23,0.25,muddy fur,generic
20,prior_elicitation,accidental,2,catprop,ackles,mooks,blins,daiths,trufts,0.18,0.24,0.21,0.24,0.23,fungus-covered scales,generic
20,prior_elicitation,accidental,3,catprop,morseths,glippets,krivels,noobs,zorbs,0.27,0.27,0.25,0.25,0.28,infected scales,generic
20,prior_elicitation,accidental,4,catprop,sapers,kazzes,ludinos,cheebas,luzaks,0.25,0.26,0.25,0.25,0.28,sore legs,generic
20,prior_elicitation,accidental,5,catprop,stups,zoovs,thups,plovs,kweps,0.24,0.24,0.23,0.23,0.24,infected ears,generic
21,prior_elicitation,accidental,0,catprop,plovs,lorches,ludinos,noobs,javs,0.77,0.38,0.81,0.64,0.55,cracked claws,generic
21,prior_elicitation,accidental,1,catprop,thups,krivels,reesles,mooks,luzaks,0.31,0.58,0.76,0.53,0.72,broken tails,generic
21,prior_elicitation,accidental,2,catprop,taifels,glippets,stups,frams,kweps,0.22,0.45,0.61,0.45,0.33,cracked shells,generic
21,prior_elicitation,accidental,3,catprop,elleps,kazzes,morseths,cheebas,daiths,0.82,0.37,0.32,0.77,0.54,wet feathers,generic
21,prior_elicitation,accidental,4,catprop,ackles,trufts,sapers,zorbs,feps,0.13,0.16,0.5,0.41,0.38,swollen skin,generic
21,prior_elicitation,accidental,5,catprop,moxes,dorbs,ollers,blins,zoovs,0.35,0.14,0.13,0.5,0.37,infected scales,generic
22,prior_elicitation,accidental,0,catprop,thups,stups,krivels,luzaks,cheebas,0.39,0.43,0.38,0.55,0.54,sore teeth,generic
22,prior_elicitation,accidental,1,catprop,blins,feps,kazzes,taifels,plovs,0.51,0.5,0.7,0.42,0.41,infected ears,generic
22,prior_elicitation,accidental,2,catprop,frams,glippets,trufts,javs,reesles,0.52,0.44,0.4,0.44,0.32,broken tails,generic
22,prior_elicitation,accidental,3,catprop,zorbs,ollers,morseths,dorbs,daiths,0.24,0.32,0.3,0.37,0.4,muddy feathers,generic
22,prior_elicitation,accidental,4,catprop,zoovs,mooks,ackles,lorches,kweps,0.04,0.02,0.02,0.06,0.03,itchy skin,generic
22,prior_elicitation,accidental,5,catprop,noobs,moxes,elleps,sapers,ludinos,0.11,0.27,0.14,0.19,0.15,fungus-covered claws,generic
23,prior_elicitation,accidental,0,catprop,frams,morseths,kweps,dorbs,thups,0.7,0.82,0.67,0.72,0.84,fungus-covered scales,generic
23,prior_elicitation,accidental,1,catprop,cheebas,stups,ludinos,zorbs,feps,0.31,0.79,0.4,0.36,0.74,rotting teeth,generic
23,prior_elicitation,accidental,2,catprop,javs,noobs,glippets,sapers,reesles,0.98,0.74,0.79,0.98,0.76,itchy tails,generic
23,prior_elicitation,accidental,3,catprop,daiths,elleps,lorches,ollers,mooks,0.47,0.48,0.22,0.78,0.47,rotting shells,generic
23,prior_elicitation,accidental,4,catprop,taifels,moxes,plovs,trufts,ackles,0.81,0.8,0.25,0.24,0.48,wet feathers,generic
23,prior_elicitation,accidental,5,catprop,krivels,blins,luzaks,kazzes,zoovs,0.81,0.49,0.28,0.26,0.47,cracked shells,generic
24,prior_elicitation,accidental,0,catprop,kazzes,trufts,javs,luzaks,taifels,0.17,0.42,0.27,0.44,0.5,sore legs,generic
24,prior_elicitation,accidental,1,catprop,frams,dorbs,blins,ollers,lorches,0.07,0.04,0.22,0.29,0.74,cracked claws,generic
24,prior_elicitation,accidental,2,catprop,moxes,reesles,elleps,thups,kweps,0.01,0,0,0.15,0.01,fungus-covered scales,generic
24,prior_elicitation,accidental,3,catprop,ackles,morseths,plovs,cheebas,ludinos,0.19,0.28,0.37,0.2,0.3,muddy feathers,generic
24,prior_elicitation,accidental,4,catprop,feps,zorbs,mooks,daiths,glippets,0.33,0.43,0.34,0.46,0.46,fungus-covered claws,generic
24,prior_elicitation,accidental,5,catprop,zoovs,krivels,noobs,stups,sapers,0.46,0.29,0.14,0.03,0.33,swollen ears,generic
25,prior_elicitation,accidental,0,catprop,mooks,luzaks,glippets,kazzes,kweps,0.59,0.29,0.26,0.08,0.02,swollen ears,generic
25,prior_elicitation,accidental,1,catprop,blins,ludinos,taifels,daiths,reesles,0.06,0.17,0.2,0.17,0.39,infected scales,generic
25,prior_elicitation,accidental,2,catprop,ackles,sapers,feps,morseths,frams,0.08,0.86,0.64,0.52,0.16,itchy skin,generic
25,prior_elicitation,accidental,3,catprop,krivels,trufts,elleps,ollers,moxes,0,0.08,0.81,0.49,0.01,wet feathers,generic
25,prior_elicitation,accidental,4,catprop,javs,cheebas,plovs,dorbs,zoovs,0.05,0.03,0.01,0.25,0.03,broken tails,generic
25,prior_elicitation,accidental,5,catprop,lorches,stups,zorbs,thups,noobs,0.03,0.01,0.66,0.81,0.11,fungus-covered claws,generic
26,prior_elicitation,accidental,0,catprop,taifels,stups,frams,cheebas,moxes,0.4,0.65,0.58,0.06,0.05,broken legs,generic
26,prior_elicitation,accidental,1,catprop,blins,luzaks,elleps,noobs,thups,0.56,0.27,0.61,0.63,0.07,wet feathers,generic
26,prior_elicitation,accidental,2,catprop,mooks,reesles,morseths,trufts,zorbs,0.1,0.81,0.73,0.29,0.7,cracked claws,generic
26,prior_elicitation,accidental,3,catprop,plovs,daiths,kazzes,glippets,javs,0.76,0.87,0.26,0.59,0.53,muddy feathers,generic
26,prior_elicitation,accidental,4,catprop,kweps,dorbs,zoovs,lorches,feps,0.37,0.6,0.64,0.59,0.67,broken tails,generic
26,prior_elicitation,accidental,5,catprop,sapers,ludinos,ackles,ollers,krivels,0.14,0.94,0.58,0.67,0.41,wet fur,generic
27,prior_elicitation,accidental,0,catprop,kweps,stups,reesles,ackles,taifels,0,0.01,0.68,0.53,0.01,muddy fur,generic
27,prior_elicitation,accidental,1,catprop,glippets,morseths,ollers,ludinos,blins,0.67,0,0.11,0.43,0,swollen ears,generic
27,prior_elicitation,accidental,2,catprop,thups,luzaks,elleps,kazzes,noobs,0,0,0,0,0,rotting teeth,generic
27,prior_elicitation,accidental,3,catprop,dorbs,moxes,frams,feps,mooks,0,0,0.02,0.47,0.37,infected ears,generic
27,prior_elicitation,accidental,4,catprop,cheebas,zorbs,lorches,zoovs,javs,0,0.32,0.17,0.36,0,cracked claws,generic
27,prior_elicitation,accidental,5,catprop,trufts,plovs,krivels,daiths,sapers,0,0,0.11,0.31,0,broken legs,generic
28,prior_elicitation,accidental,0,catprop,luzaks,noobs,dorbs,frams,zorbs,0.4,0.43,0.56,0.37,0.46,sore legs,generic
28,prior_elicitation,accidental,1,catprop,sapers,javs,reesles,lorches,ludinos,0.48,0.4,0.59,0.4,0.36,rotting teeth,generic
28,prior_elicitation,accidental,2,catprop,morseths,zoovs,thups,feps,stups,0.59,0.5,0.63,0.56,0.45,cracked shells,generic
28,prior_elicitation,accidental,3,catprop,elleps,moxes,ackles,ollers,krivels,0.56,0.54,0.63,0.49,0.49,wet feathers,generic
28,prior_elicitation,accidental,4,catprop,cheebas,glippets,daiths,plovs,kweps,0.62,0.46,0.69,0.54,0.44,fungus-covered scales,generic
28,prior_elicitation,accidental,5,catprop,blins,mooks,trufts,taifels,kazzes,0.79,0.53,0.62,0.56,0.47,muddy fur,generic
29,prior_elicitation,accidental,0,catprop,frams,dorbs,morseths,elleps,taifels,0.81,0.47,0.22,1,0.22,muddy fur,generic
29,prior_elicitation,accidental,1,catprop,ludinos,luzaks,ackles,thups,stups,1,0.13,0.47,1,0.69,broken tails,generic
29,prior_elicitation,accidental,2,catprop,moxes,mooks,reesles,blins,feps,0.49,0.32,0.8,0.8,0.18,cracked claws,generic
29,prior_elicitation,accidental,3,catprop,plovs,kweps,zoovs,krivels,ollers,1,0.5,0.25,0.5,1,swollen ears,generic
29,prior_elicitation,accidental,4,catprop,glippets,cheebas,kazzes,noobs,zorbs,0.47,1,0.68,0,0.47,swollen skin,generic
29,prior_elicitation,accidental,5,catprop,trufts,daiths,lorches,sapers,javs,1,0.85,1,0.5,0,fungus-covered scales,generic
30,prior_elicitation,accidental,0,catprop,kweps,dorbs,taifels,ollers,cheebas,0.39,0.52,0.17,0.21,0,muddy fur,generic
30,prior_elicitation,accidental,1,catprop,lorches,sapers,mooks,moxes,elleps,0.39,0,0.66,0.27,0,swollen ears,generic
30,prior_elicitation,accidental,2,catprop,morseths,blins,luzaks,frams,feps,0.42,0,0.78,0.22,0,muddy feathers,generic
30,prior_elicitation,accidental,3,catprop,zoovs,ackles,plovs,stups,krivels,0.45,0.59,0,0.24,0.22,wet feathers,generic
30,prior_elicitation,accidental,4,catprop,zorbs,javs,trufts,daiths,ludinos,0.57,0.24,0.43,0.26,0,wet fur,generic
30,prior_elicitation,accidental,5,catprop,thups,reesles,noobs,glippets,kazzes,0,0.32,0,0,0,rotting shells,generic
31,prior_elicitation,accidental,0,catprop,javs,reesles,glippets,cheebas,thups,0.44,0.8,0.24,0.71,0.55,rotting shells,generic
31,prior_elicitation,accidental,1,catprop,noobs,dorbs,kweps,ackles,morseths,0.5,0.71,0.45,0.22,0.25,swollen skin,generic
31,prior_elicitation,accidental,2,catprop,feps,zoovs,elleps,blins,taifels,0.6,0.51,0.3,0.76,0.16,cracked shells,generic
31,prior_elicitation,accidental,3,catprop,moxes,luzaks,kazzes,mooks,sapers,0.58,0.58,0.38,0.71,0.22,infected ears,generic
31,prior_elicitation,accidental,4,catprop,stups,trufts,frams,krivels,ludinos,0,0,0,0,0,broken legs,generic
31,prior_elicitation,accidental,5,catprop,ollers,daiths,zorbs,plovs,lorches,0.2,0.27,0.19,0.35,0.28,sore legs,generic
32,prior_elicitation,accidental,0,catprop,thups,kazzes,feps,javs,moxes,0.33,0.29,0.12,0.36,0.2,rotting teeth,generic
32,prior_elicitation,accidental,1,catprop,cheebas,plovs,glippets,ollers,zorbs,0.28,0.08,0.59,0.05,0.05,cracked claws,generic
32,prior_elicitation,accidental,2,catprop,ludinos,blins,noobs,elleps,zoovs,0.12,0.3,0.5,0.25,0.15,fungus-covered scales,generic
32,prior_elicitation,accidental,3,catprop,sapers,mooks,frams,kweps,taifels,0.37,0.11,0.26,0.36,0.31,sore legs,generic
32,prior_elicitation,accidental,4,catprop,krivels,trufts,morseths,reesles,ackles,0.38,0.17,0.43,0.24,0.32,sore teeth,generic
32,prior_elicitation,accidental,5,catprop,luzaks,dorbs,daiths,stups,lorches,0.2,0.08,0.18,0.11,0.21,rotting shells,generic
33,prior_elicitation,accidental,0,catprop,morseths,thups,moxes,sapers,feps,0.03,0.03,0.21,0.07,0.03,muddy fur,generic
33,prior_elicitation,accidental,1,catprop,ollers,daiths,ackles,javs,stups,0,0,0,0,0,itchy tails,generic
33,prior_elicitation,accidental,2,catprop,lorches,plovs,cheebas,luzaks,reesles,0,0,0,0.04,0,fungus-covered claws,generic
33,prior_elicitation,accidental,3,catprop,trufts,zoovs,krivels,kweps,dorbs,0,0.01,0,0,0,wet fur,generic
33,prior_elicitation,accidental,4,catprop,taifels,glippets,zorbs,ludinos,elleps,0.01,0.01,0.01,0,0.04,infected scales,generic
33,prior_elicitation,accidental,5,catprop,noobs,mooks,frams,kazzes,blins,0.06,0.06,0.06,0.06,0.06,sore teeth,generic
34,prior_elicitation,accidental,0,catprop,morseths,elleps,plovs,glippets,ollers,0.6,0.68,0.52,0.52,0.74,wet feathers,generic
34,prior_elicitation,accidental,1,catprop,luzaks,krivels,zorbs,javs,feps,0.47,0.39,0.2,0.54,0.34,itchy skin,generic
34,prior_elicitation,accidental,2,catprop,kazzes,lorches,blins,moxes,cheebas,0.55,0.74,0.39,0.7,0.26,muddy feathers,generic
34,prior_elicitation,accidental,3,catprop,daiths,kweps,dorbs,thups,ackles,0.27,0.27,0.15,0.13,0.65,infected scales,generic
34,prior_elicitation,accidental,4,catprop,stups,taifels,zoovs,ludinos,trufts,0.27,0.23,0.63,0.56,0.54,broken tails,generic
34,prior_elicitation,accidental,5,catprop,mooks,sapers,noobs,frams,reesles,0.34,0.31,0.82,0.59,0.3,sore teeth,generic
35,prior_elicitation,accidental,0,catprop,elleps,lorches,taifels,morseths,sapers,1,0,0,0,0,swollen ears,generic
35,prior_elicitation,accidental,1,catprop,luzaks,zorbs,plovs,daiths,mooks,0,0.01,0,0,1,broken legs,generic
35,prior_elicitation,accidental,2,catprop,reesles,ludinos,dorbs,zoovs,javs,0,0,0.01,0,1,sore teeth,generic
35,prior_elicitation,accidental,3,catprop,ollers,trufts,ackles,glippets,krivels,0,0,0,1,0,fungus-covered scales,generic
35,prior_elicitation,accidental,4,catprop,frams,kazzes,cheebas,kweps,stups,0,0.15,0,0,1,muddy feathers,generic
35,prior_elicitation,accidental,5,catprop,blins,noobs,moxes,feps,thups,0,0,0,1,0,itchy skin,generic
36,prior_elicitation,accidental,0,catprop,ackles,javs,daiths,glippets,krivels,0.11,0.27,0.04,0.2,0.25,rotting teeth,generic
36,prior_elicitation,accidental,1,catprop,stups,dorbs,blins,thups,reesles,0.1,0.19,0.1,0.43,0.16,sore teeth,generic
36,prior_elicitation,accidental,2,catprop,morseths,kazzes,sapers,kweps,frams,0.29,0.29,0.48,0.18,0.49,swollen ears,generic
36,prior_elicitation,accidental,3,catprop,luzaks,zoovs,elleps,cheebas,mooks,0.27,0.22,0.05,0.02,0.3,itchy skin,generic
36,prior_elicitation,accidental,4,catprop,ollers,plovs,feps,noobs,lorches,0.31,0.31,0.57,0.19,0.3,infected ears,generic
36,prior_elicitation,accidental,5,catprop,zorbs,trufts,taifels,moxes,ludinos,0.16,0.04,0.56,0.16,0.33,swollen skin,generic
37,prior_elicitation,accidental,0,catprop,daiths,sapers,thups,zoovs,taifels,0.09,0.22,0.02,0.73,0,muddy fur,generic
37,prior_elicitation,accidental,1,catprop,javs,feps,mooks,plovs,zorbs,0,0.1,0.58,0.27,0.12,cracked shells,generic
37,prior_elicitation,accidental,2,catprop,cheebas,ollers,blins,ludinos,dorbs,0,0,0.18,0,0,fungus-covered claws,generic
37,prior_elicitation,accidental,3,catprop,frams,krivels,luzaks,trufts,reesles,0,0,0.43,0.14,0,fungus-covered scales,generic
37,prior_elicitation,accidental,4,catprop,ackles,lorches,kazzes,elleps,stups,0.23,0,0,0,0.07,broken tails,generic
37,prior_elicitation,accidental,5,catprop,morseths,noobs,kweps,glippets,moxes,0.17,0,0,0.6,0.09,sore teeth,generic
38,prior_elicitation,accidental,0,catprop,thups,reesles,mooks,ludinos,luzaks,0.32,0.43,0.31,0.45,0.47,muddy fur,generic
38,prior_elicitation,accidental,1,catprop,feps,blins,stups,zoovs,elleps,0.5,0.49,0.48,0.32,0.42,broken tails,generic
38,prior_elicitation,accidental,2,catprop,taifels,zorbs,morseths,plovs,kweps,0.5,0.37,0.45,0.43,0.58,infected scales,generic
38,prior_elicitation,accidental,3,catprop,kazzes,moxes,daiths,javs,cheebas,0.42,0.52,0.53,0.44,0.51,muddy feathers,generic
38,prior_elicitation,accidental,4,catprop,dorbs,glippets,frams,noobs,ackles,0.47,0.5,0.57,0.29,0.44,swollen ears,generic
38,prior_elicitation,accidental,5,catprop,trufts,ollers,lorches,krivels,sapers,0.41,0.42,0.49,0.62,0.54,broken legs,generic
39,prior_elicitation,accidental,0,catprop,ackles,luzaks,ludinos,morseths,daiths,0.22,0.35,0.15,0.15,0,cracked claws,generic
39,prior_elicitation,accidental,1,catprop,feps,thups,reesles,krivels,cheebas,0.06,0.17,0,0.44,0.18,sore legs,generic
39,prior_elicitation,accidental,2,catprop,dorbs,javs,kweps,taifels,elleps,0.19,0,0,0.4,0.31,muddy feathers,generic
39,prior_elicitation,accidental,3,catprop,trufts,plovs,frams,ollers,zoovs,0,0,0,0,0,infected ears,generic
39,prior_elicitation,accidental,4,catprop,blins,kazzes,glippets,mooks,sapers,0.13,0.3,0.2,0.26,0.3,itchy skin,generic
39,prior_elicitation,accidental,5,catprop,zorbs,lorches,moxes,noobs,stups,0.08,0.14,0,0.23,0.18,cracked shells,generic
