workerid,rt,trial_type,stim_type,trial_num,response0,trial_prompt,stim_category0,stim_color,stim_part
0,14221,prior_elicitation,danger-distinct,0,5,catprop,moxes,green,shells
0,6011,prior_elicitation,nondistinctive,1,10,catprop,mooks,copper,stripes
0,4966,prior_elicitation,nondistinctive,2,10,catprop,stups,gold,spots
0,6750,prior_elicitation,nondistinctive,3,10,catprop,sapers,red,spots
0,7199,prior_elicitation,bare,4,50,catprop,zoovs,green,teeth
0,3764,prior_elicitation,bare,5,50,catprop,elleps,pink,ears
0,2008,prior_elicitation,bare,6,100,catprop,zorbs,orange,tails
0,4047,prior_elicitation,nondistinctive,7,10,catprop,kazzes,orange,ears
0,2850,prior_elicitation,bare,8,100,catprop,blins,red,scales
0,4602,prior_elicitation,danger-distinct,9,5,catprop,plovs,gold,feathers
0,2116,prior_elicitation,danger-distinct,10,5,catprop,ackles,silver,legs
0,2994,prior_elicitation,bare,11,100,catprop,cheebas,blue,ears
0,1726,prior_elicitation,bare,12,100,catprop,dorbs,yellow,scales
0,4553,prior_elicitation,nondistinctive,13,15,catprop,thups,blue,teeth
0,4291,prior_elicitation,danger-distinct,14,5,catprop,morseths,silver,fur
0,2712,prior_elicitation,bare,15,100,catprop,krivels,pink,teeth
0,3990,prior_elicitation,nondistinctive,16,10,catprop,lorches,purple,feathers
0,3158,prior_elicitation,nondistinctive,17,15,catprop,trufts,green,tails
0,4370,prior_elicitation,bare,18,100,catprop,daiths,gold,stripes
0,4372,prior_elicitation,nondistinctive,19,20,catprop,reesles,blue,scales
0,2940,prior_elicitation,bare,20,100,catprop,ollers,yellow,fur
0,3240,prior_elicitation,danger-distinct,21,5,catprop,ludinos,yellow,legs
0,3201,prior_elicitation,nondistinctive,22,10,catprop,luzaks,orange,shells
0,3296,prior_elicitation,danger-distinct,23,5,catprop,taifels,purple,tails
0,3430,prior_elicitation,danger-distinct,24,5,catprop,frams,silver,stripes
0,2367,prior_elicitation,danger-distinct,25,5,catprop,javs,purple,shells
0,2250,prior_elicitation,bare,26,100,catprop,feps,pink,legs
0,3205,prior_elicitation,nondistinctive,27,10,catprop,glippets,copper,spots
0,1989,prior_elicitation,danger-distinct,28,5,catprop,kweps,copper,fur
0,2402,prior_elicitation,danger-distinct,29,5,catprop,noobs,red,feathers
1,33194,prior_elicitation,nondistinctive,0,2,catprop,zoovs,green,teeth
1,5339,prior_elicitation,danger-distinct,1,10,catprop,glippets,copper,spots
1,3280,prior_elicitation,bare,2,5,catprop,kazzes,orange,ears
1,14671,prior_elicitation,bare,3,100,catprop,moxes,green,shells
1,6224,prior_elicitation,danger-distinct,4,100,catprop,taifels,purple,tails
1,8572,prior_elicitation,nondistinctive,5,100,catprop,trufts,green,tails
1,3768,prior_elicitation,nondistinctive,6,100,catprop,cheebas,blue,ears
1,3323,prior_elicitation,danger-distinct,7,100,catprop,zorbs,orange,tails
1,3992,prior_elicitation,bare,8,100,catprop,ludinos,yellow,legs
1,4897,prior_elicitation,nondistinctive,9,100,catprop,krivels,pink,teeth
1,4186,prior_elicitation,danger-distinct,10,100,catprop,dorbs,yellow,scales
1,4480,prior_elicitation,bare,11,100,catprop,kweps,copper,fur
1,7112,prior_elicitation,bare,12,100,catprop,mooks,copper,stripes
1,2492,prior_elicitation,bare,13,100,catprop,noobs,red,feathers
1,8767,prior_elicitation,danger-distinct,14,100,catprop,ackles,silver,legs
1,5990,prior_elicitation,bare,15,100,catprop,daiths,gold,stripes
1,4990,prior_elicitation,nondistinctive,16,100,catprop,ollers,yellow,fur
1,3134,prior_elicitation,bare,17,100,catprop,luzaks,orange,shells
1,4270,prior_elicitation,danger-distinct,18,100,catprop,plovs,gold,feathers
1,3962,prior_elicitation,danger-distinct,19,100,catprop,thups,blue,teeth
1,3428,prior_elicitation,nondistinctive,20,100,catprop,reesles,blue,scales
1,2778,prior_elicitation,danger-distinct,21,100,catprop,stups,gold,spots
1,2900,prior_elicitation,nondistinctive,22,100,catprop,frams,silver,stripes
1,2592,prior_elicitation,nondistinctive,23,100,catprop,lorches,purple,feathers
1,2864,prior_elicitation,nondistinctive,24,100,catprop,elleps,pink,ears
1,2832,prior_elicitation,danger-distinct,25,100,catprop,javs,purple,shells
1,3962,prior_elicitation,bare,26,100,catprop,morseths,silver,fur
1,3201,prior_elicitation,nondistinctive,27,100,catprop,blins,red,scales
1,3691,prior_elicitation,bare,28,100,catprop,sapers,red,spots
1,2671,prior_elicitation,danger-distinct,29,100,catprop,feps,pink,legs
2,27556,prior_elicitation,nondistinctive,0,25,catprop,zorbs,orange,tails
2,11164,prior_elicitation,danger-distinct,1,0,catprop,ollers,yellow,fur
2,6998,prior_elicitation,bare,2,1,catprop,moxes,green,shells
2,13352,prior_elicitation,nondistinctive,3,25,catprop,glippets,copper,spots
2,6960,prior_elicitation,danger-distinct,4,1,catprop,lorches,purple,feathers
2,9159,prior_elicitation,bare,5,0,catprop,plovs,gold,feathers
2,8793,prior_elicitation,danger-distinct,6,0,catprop,dorbs,yellow,scales
2,5149,prior_elicitation,danger-distinct,7,0,catprop,blins,red,scales
2,4610,prior_elicitation,danger-distinct,8,0,catprop,daiths,gold,stripes
2,9281,prior_elicitation,danger-distinct,9,0,catprop,reesles,blue,scales
2,12279,prior_elicitation,bare,10,1,catprop,trufts,green,tails
2,4815,prior_elicitation,bare,11,1,catprop,cheebas,blue,ears
2,5792,prior_elicitation,nondistinctive,12,25,catprop,javs,purple,shells
2,4749,prior_elicitation,nondistinctive,13,25,catprop,frams,silver,stripes
2,4216,prior_elicitation,danger-distinct,14,0,catprop,kweps,copper,fur
2,2708,prior_elicitation,danger-distinct,15,0,catprop,taifels,purple,tails
2,7318,prior_elicitation,bare,16,1,catprop,luzaks,orange,shells
2,4448,prior_elicitation,nondistinctive,17,25,catprop,sapers,red,spots
2,3056,prior_elicitation,bare,18,1,catprop,krivels,pink,teeth
2,3455,prior_elicitation,nondistinctive,19,25,catprop,feps,pink,legs
2,5937,prior_elicitation,bare,20,1,catprop,zoovs,green,teeth
2,4967,prior_elicitation,nondistinctive,21,25,catprop,noobs,red,feathers
2,2929,prior_elicitation,danger-distinct,22,0,catprop,mooks,copper,stripes
2,3257,prior_elicitation,nondistinctive,23,25,catprop,elleps,pink,ears
2,4143,prior_elicitation,nondistinctive,24,25,catprop,morseths,silver,fur
2,5350,prior_elicitation,nondistinctive,25,25,catprop,kazzes,orange,ears
2,4394,prior_elicitation,bare,26,1,catprop,ludinos,yellow,legs
2,2892,prior_elicitation,danger-distinct,27,0,catprop,thups,blue,teeth
2,4916,prior_elicitation,bare,28,1,catprop,ackles,silver,legs
2,2528,prior_elicitation,bare,29,1,catprop,stups,gold,spots
3,35986,prior_elicitation,danger-distinct,0,2,catprop,reesles,blue,scales
3,9526,prior_elicitation,bare,1,7,catprop,morseths,silver,fur
3,2647,prior_elicitation,bare,2,7,catprop,frams,silver,stripes
3,3833,prior_elicitation,nondistinctive,3,8,catprop,kweps,copper,fur
3,4816,prior_elicitation,bare,4,5,catprop,cheebas,blue,ears
3,2002,prior_elicitation,danger-distinct,5,6,catprop,ludinos,yellow,legs
3,2222,prior_elicitation,danger-distinct,6,6,catprop,feps,pink,legs
3,1488,prior_elicitation,danger-distinct,7,6,catprop,mooks,copper,stripes
3,2841,prior_elicitation,bare,8,4,catprop,zoovs,green,teeth
3,1377,prior_elicitation,bare,9,5,catprop,plovs,gold,feathers
3,2439,prior_elicitation,nondistinctive,10,4,catprop,zorbs,orange,tails
3,2872,prior_elicitation,bare,11,7,catprop,lorches,purple,feathers
3,2952,prior_elicitation,danger-distinct,12,3,catprop,sapers,red,spots
3,2368,prior_elicitation,bare,13,6,catprop,trufts,green,tails
3,1792,prior_elicitation,nondistinctive,14,7,catprop,dorbs,yellow,scales
3,2071,prior_elicitation,nondistinctive,15,6,catprop,krivels,pink,teeth
3,3145,prior_elicitation,danger-distinct,16,3,catprop,taifels,purple,tails
3,2456,prior_elicitation,nondistinctive,17,6,catprop,stups,gold,spots
3,2263,prior_elicitation,danger-distinct,18,2,catprop,ollers,yellow,fur
3,2528,prior_elicitation,nondistinctive,19,5,catprop,glippets,copper,spots
3,1855,prior_elicitation,nondistinctive,20,4,catprop,luzaks,orange,shells
3,1760,prior_elicitation,nondistinctive,21,7,catprop,kazzes,orange,ears
3,1927,prior_elicitation,bare,22,5,catprop,noobs,red,feathers
3,2535,prior_elicitation,danger-distinct,23,3,catprop,javs,purple,shells
3,2057,prior_elicitation,bare,24,6,catprop,elleps,pink,ears
3,1344,prior_elicitation,bare,25,7,catprop,blins,red,scales
3,3889,prior_elicitation,danger-distinct,26,2,catprop,daiths,gold,stripes
3,1999,prior_elicitation,danger-distinct,27,3,catprop,thups,blue,teeth
3,3039,prior_elicitation,nondistinctive,28,5,catprop,ackles,silver,legs
3,1519,prior_elicitation,nondistinctive,29,3,catprop,moxes,green,shells
4,8946,prior_elicitation,nondistinctive,0,25,catprop,thups,blue,teeth
4,2764,prior_elicitation,bare,1,30,catprop,taifels,purple,tails
4,1646,prior_elicitation,bare,2,40,catprop,daiths,gold,stripes
4,2477,prior_elicitation,bare,3,25,catprop,cheebas,blue,ears
4,7064,prior_elicitation,nondistinctive,4,30,catprop,lorches,purple,feathers
4,1913,prior_elicitation,nondistinctive,5,15,catprop,dorbs,yellow,scales
4,1827,prior_elicitation,danger-distinct,6,5,catprop,stups,gold,spots
4,2189,prior_elicitation,bare,7,10,catprop,morseths,silver,fur
4,1719,prior_elicitation,bare,8,15,catprop,luzaks,orange,shells
4,2094,prior_elicitation,bare,9,25,catprop,zorbs,orange,tails
4,6241,prior_elicitation,nondistinctive,10,40,catprop,trufts,green,tails
4,1721,prior_elicitation,danger-distinct,11,5,catprop,elleps,pink,ears
4,1250,prior_elicitation,danger-distinct,12,5,catprop,javs,purple,shells
4,2772,prior_elicitation,nondistinctive,13,10,catprop,sapers,red,spots
4,4071,prior_elicitation,nondistinctive,14,25,catprop,ludinos,yellow,legs
4,2040,prior_elicitation,danger-distinct,15,5,catprop,ollers,yellow,fur
4,3976,prior_elicitation,danger-distinct,16,2,catprop,frams,silver,stripes
4,3132,prior_elicitation,bare,17,25,catprop,ackles,silver,legs
4,1470,prior_elicitation,bare,18,15,catprop,krivels,pink,teeth
4,3734,prior_elicitation,nondistinctive,19,5,catprop,glippets,copper,spots
4,2194,prior_elicitation,danger-distinct,20,5,catprop,zoovs,green,teeth
4,2814,prior_elicitation,nondistinctive,21,20,catprop,kweps,copper,fur
4,2688,prior_elicitation,danger-distinct,22,2,catprop,feps,pink,legs
4,3273,prior_elicitation,nondistinctive,23,20,catprop,moxes,green,shells
4,3398,prior_elicitation,nondistinctive,24,15,catprop,kazzes,orange,ears
4,2516,prior_elicitation,bare,25,30,catprop,reesles,blue,scales
4,3304,prior_elicitation,danger-distinct,26,2,catprop,mooks,copper,stripes
4,2266,prior_elicitation,bare,27,15,catprop,plovs,gold,feathers
4,1984,prior_elicitation,danger-distinct,28,2,catprop,noobs,red,feathers
4,1360,prior_elicitation,danger-distinct,29,3,catprop,blins,red,scales
5,19055,prior_elicitation,danger-distinct,0,2,catprop,feps,pink,legs
5,11598,prior_elicitation,bare,1,25,catprop,kazzes,orange,ears
5,3918,prior_elicitation,bare,2,25,catprop,moxes,green,shells
5,15623,prior_elicitation,danger-distinct,3,2,catprop,krivels,pink,teeth
5,6263,prior_elicitation,bare,4,30,catprop,plovs,gold,feathers
5,4223,prior_elicitation,bare,5,30,catprop,elleps,pink,ears
5,5129,prior_elicitation,nondistinctive,6,30,catprop,morseths,silver,fur
5,4416,prior_elicitation,danger-distinct,7,2,catprop,zoovs,green,teeth
5,5528,prior_elicitation,bare,8,20,catprop,blins,red,scales
5,3722,prior_elicitation,bare,9,20,catprop,cheebas,blue,ears
5,7526,prior_elicitation,danger-distinct,10,2,catprop,ollers,yellow,fur
5,9376,prior_elicitation,danger-distinct,11,2,catprop,thups,blue,teeth
5,3753,prior_elicitation,nondistinctive,12,20,catprop,zorbs,orange,tails
5,3807,prior_elicitation,nondistinctive,13,20,catprop,noobs,red,feathers
5,3528,prior_elicitation,danger-distinct,14,2,catprop,mooks,copper,stripes
5,3080,prior_elicitation,nondistinctive,15,20,catprop,frams,silver,stripes
5,3240,prior_elicitation,danger-distinct,16,2,catprop,ludinos,yellow,legs
5,3695,prior_elicitation,nondistinctive,17,20,catprop,ackles,silver,legs
5,4121,prior_elicitation,nondistinctive,18,20,catprop,javs,purple,shells
5,3369,prior_elicitation,nondistinctive,19,20,catprop,daiths,gold,stripes
5,3288,prior_elicitation,danger-distinct,20,2,catprop,lorches,purple,feathers
5,3221,prior_elicitation,danger-distinct,21,2,catprop,stups,gold,spots
5,4175,prior_elicitation,bare,22,20,catprop,luzaks,orange,shells
5,6880,prior_elicitation,nondistinctive,23,20,catprop,kweps,copper,fur
5,2864,prior_elicitation,danger-distinct,24,2,catprop,reesles,blue,scales
5,4816,prior_elicitation,bare,25,20,catprop,dorbs,yellow,scales
5,4919,prior_elicitation,nondistinctive,26,20,catprop,taifels,purple,tails
5,4224,prior_elicitation,bare,27,20,catprop,glippets,copper,spots
5,4672,prior_elicitation,nondistinctive,28,20,catprop,sapers,red,spots
5,4280,prior_elicitation,bare,29,20,catprop,trufts,green,tails
6,13507,prior_elicitation,danger-distinct,0,5,catprop,kweps,copper,fur
6,4828,prior_elicitation,nondistinctive,1,65,catprop,zoovs,green,teeth
6,3953,prior_elicitation,bare,2,25,catprop,mooks,copper,stripes
6,3314,prior_elicitation,bare,3,55,catprop,glippets,copper,spots
6,2562,prior_elicitation,bare,4,25,catprop,frams,silver,stripes
6,2204,prior_elicitation,bare,5,10,catprop,taifels,purple,tails
6,4717,prior_elicitation,danger-distinct,6,5,catprop,stups,gold,spots
6,3913,prior_elicitation,nondistinctive,7,25,catprop,morseths,silver,fur
6,3751,prior_elicitation,danger-distinct,8,5,catprop,luzaks,orange,shells
6,4218,prior_elicitation,nondistinctive,9,25,catprop,feps,pink,legs
6,3298,prior_elicitation,bare,10,25,catprop,dorbs,yellow,scales
6,2671,prior_elicitation,nondistinctive,11,15,catprop,lorches,purple,feathers
6,3718,prior_elicitation,nondistinctive,12,35,catprop,noobs,red,feathers
6,2439,prior_elicitation,nondistinctive,13,50,catprop,elleps,pink,ears
6,2124,prior_elicitation,nondistinctive,14,25,catprop,trufts,green,tails
6,4102,prior_elicitation,bare,15,15,catprop,sapers,red,spots
6,4217,prior_elicitation,danger-distinct,16,25,catprop,ackles,silver,legs
6,4414,prior_elicitation,bare,17,35,catprop,ollers,yellow,fur
6,4963,prior_elicitation,danger-distinct,18,5,catprop,reesles,blue,scales
6,4037,prior_elicitation,nondistinctive,19,35,catprop,krivels,pink,teeth
6,2949,prior_elicitation,danger-distinct,20,5,catprop,cheebas,blue,ears
6,2522,prior_elicitation,bare,21,25,catprop,moxes,green,shells
6,2814,prior_elicitation,bare,22,25,catprop,daiths,gold,stripes
6,2681,prior_elicitation,nondistinctive,23,15,catprop,javs,purple,shells
6,2600,prior_elicitation,danger-distinct,24,5,catprop,ludinos,yellow,legs
6,3000,prior_elicitation,danger-distinct,25,5,catprop,plovs,gold,feathers
6,2523,prior_elicitation,danger-distinct,26,5,catprop,blins,red,scales
6,2680,prior_elicitation,bare,27,25,catprop,kazzes,orange,ears
6,4312,prior_elicitation,nondistinctive,28,35,catprop,zorbs,orange,tails
6,2681,prior_elicitation,danger-distinct,29,5,catprop,thups,blue,teeth
7,104134,prior_elicitation,danger-distinct,0,100,catprop,zorbs,orange,tails
7,38577,prior_elicitation,bare,1,50,catprop,moxes,green,shells
7,37928,prior_elicitation,danger-distinct,2,100,catprop,stups,gold,spots
7,43066,prior_elicitation,nondistinctive,3,50,catprop,taifels,purple,tails
7,21652,prior_elicitation,danger-distinct,4,100,catprop,blins,red,scales
7,21267,prior_elicitation,nondistinctive,5,50,catprop,krivels,pink,teeth
7,17417,prior_elicitation,danger-distinct,6,100,catprop,plovs,gold,feathers
7,36595,prior_elicitation,nondistinctive,7,50,catprop,frams,silver,stripes
7,31102,prior_elicitation,nondistinctive,8,50,catprop,kweps,copper,fur
7,14421,prior_elicitation,nondistinctive,9,50,catprop,daiths,gold,stripes
7,18321,prior_elicitation,nondistinctive,10,50,catprop,ackles,silver,legs
7,21013,prior_elicitation,bare,11,50,catprop,morseths,silver,fur
7,26116,prior_elicitation,bare,12,20,catprop,thups,blue,teeth
7,8898,prior_elicitation,bare,13,20,catprop,kazzes,orange,ears
7,6357,prior_elicitation,bare,14,20,catprop,zoovs,green,teeth
7,16499,prior_elicitation,danger-distinct,15,100,catprop,glippets,copper,spots
7,23753,prior_elicitation,danger-distinct,16,100,catprop,trufts,green,tails
7,13670,prior_elicitation,danger-distinct,17,100,catprop,elleps,pink,ears
7,12228,prior_elicitation,bare,18,20,catprop,cheebas,blue,ears
7,5866,prior_elicitation,bare,19,20,catprop,noobs,red,feathers
7,16471,prior_elicitation,nondistinctive,20,50,catprop,sapers,red,spots
7,15530,prior_elicitation,nondistinctive,21,50,catprop,dorbs,yellow,scales
7,25076,prior_elicitation,danger-distinct,22,100,catprop,lorches,purple,feathers
7,8331,prior_elicitation,bare,23,20,catprop,feps,pink,legs
7,12642,prior_elicitation,danger-distinct,24,100,catprop,ludinos,yellow,legs
7,11675,prior_elicitation,bare,25,20,catprop,javs,purple,shells
7,14651,prior_elicitation,nondistinctive,26,50,catprop,luzaks,orange,shells
7,11997,prior_elicitation,bare,27,20,catprop,ollers,yellow,fur
7,14912,prior_elicitation,danger-distinct,28,100,catprop,reesles,blue,scales
7,8870,prior_elicitation,nondistinctive,29,50,catprop,mooks,copper,stripes
8,12944,prior_elicitation,bare,0,10,catprop,reesles,blue,scales
8,9285,prior_elicitation,bare,1,1,catprop,mooks,copper,stripes
8,19330,prior_elicitation,danger-distinct,2,1,catprop,daiths,gold,stripes
8,10798,prior_elicitation,nondistinctive,3,10,catprop,zoovs,green,teeth
8,18968,prior_elicitation,danger-distinct,4,3,catprop,morseths,silver,fur
8,8187,prior_elicitation,bare,5,3,catprop,thups,blue,teeth
8,11661,prior_elicitation,danger-distinct,6,3,catprop,feps,pink,legs
8,6060,prior_elicitation,bare,7,3,catprop,lorches,purple,feathers
8,6985,prior_elicitation,nondistinctive,8,9,catprop,noobs,red,feathers
8,5497,prior_elicitation,bare,9,6,catprop,blins,red,scales
8,5152,prior_elicitation,nondistinctive,10,9,catprop,krivels,pink,teeth
8,3791,prior_elicitation,danger-distinct,11,3,catprop,cheebas,blue,ears
8,4473,prior_elicitation,nondistinctive,12,6,catprop,sapers,red,spots
8,3797,prior_elicitation,bare,13,6,catprop,ollers,yellow,fur
8,5496,prior_elicitation,danger-distinct,14,3,catprop,dorbs,yellow,scales
8,4843,prior_elicitation,bare,15,6,catprop,stups,gold,spots
8,4669,prior_elicitation,nondistinctive,16,6,catprop,moxes,green,shells
8,4537,prior_elicitation,nondistinctive,17,6,catprop,elleps,pink,ears
8,8701,prior_elicitation,bare,18,6,catprop,frams,silver,stripes
8,4093,prior_elicitation,nondistinctive,19,9,catprop,trufts,green,tails
8,3939,prior_elicitation,bare,20,6,catprop,taifels,purple,tails
8,4534,prior_elicitation,danger-distinct,21,3,catprop,kweps,copper,fur
8,2769,prior_elicitation,danger-distinct,22,3,catprop,ackles,silver,legs
8,2846,prior_elicitation,nondistinctive,23,6,catprop,plovs,gold,feathers
8,5441,prior_elicitation,nondistinctive,24,9,catprop,kazzes,orange,ears
8,4731,prior_elicitation,nondistinctive,25,9,catprop,luzaks,orange,shells
8,4656,prior_elicitation,danger-distinct,26,3,catprop,zorbs,orange,tails
8,3632,prior_elicitation,danger-distinct,27,3,catprop,glippets,copper,spots
8,3803,prior_elicitation,bare,28,6,catprop,ludinos,yellow,legs
8,3360,prior_elicitation,danger-distinct,29,3,catprop,javs,purple,shells
9,20735,prior_elicitation,danger-distinct,0,1,catprop,reesles,blue,scales
9,14602,prior_elicitation,bare,1,2,catprop,stups,gold,spots
9,7008,prior_elicitation,bare,2,5,catprop,blins,red,scales
9,36087,prior_elicitation,nondistinctive,3,10,catprop,zorbs,orange,tails
9,10730,prior_elicitation,danger-distinct,4,1,catprop,kazzes,orange,ears
9,25704,prior_elicitation,nondistinctive,5,5,catprop,feps,pink,legs
9,7400,prior_elicitation,danger-distinct,6,1,catprop,krivels,pink,teeth
9,12784,prior_elicitation,bare,7,50,catprop,elleps,pink,ears
9,9650,prior_elicitation,bare,8,30,catprop,javs,purple,shells
9,5513,prior_elicitation,bare,9,50,catprop,kweps,copper,fur
9,9423,prior_elicitation,bare,10,50,catprop,cheebas,blue,ears
9,17040,prior_elicitation,nondistinctive,11,60,catprop,dorbs,yellow,scales
9,11960,prior_elicitation,danger-distinct,12,100,catprop,frams,silver,stripes
9,10007,prior_elicitation,bare,13,0,catprop,zoovs,green,teeth
9,10458,prior_elicitation,danger-distinct,14,100,catprop,ludinos,yellow,legs
9,17912,prior_elicitation,danger-distinct,15,0,catprop,daiths,gold,stripes
9,6968,prior_elicitation,bare,16,20,catprop,mooks,copper,stripes
9,12031,prior_elicitation,nondistinctive,17,50,catprop,trufts,green,tails
9,9136,prior_elicitation,nondistinctive,18,60,catprop,ackles,silver,legs
9,10610,prior_elicitation,nondistinctive,19,100,catprop,thups,blue,teeth
9,6752,prior_elicitation,bare,20,50,catprop,lorches,purple,feathers
9,5280,prior_elicitation,bare,21,50,catprop,morseths,silver,fur
9,9944,prior_elicitation,nondistinctive,22,95,catprop,sapers,red,spots
9,89417,prior_elicitation,danger-distinct,23,0,catprop,noobs,red,feathers
9,8514,prior_elicitation,danger-distinct,24,100,catprop,taifels,purple,tails
9,7353,prior_elicitation,danger-distinct,25,100,catprop,moxes,green,shells
9,8023,prior_elicitation,nondistinctive,26,80,catprop,plovs,gold,feathers
9,8080,prior_elicitation,nondistinctive,27,50,catprop,ollers,yellow,fur
9,9192,prior_elicitation,nondistinctive,28,100,catprop,glippets,copper,spots
9,8264,prior_elicitation,danger-distinct,29,100,catprop,luzaks,orange,shells
10,34479,prior_elicitation,bare,0,10,catprop,blins,red,scales
10,3520,prior_elicitation,bare,1,20,catprop,reesles,blue,scales
10,7110,prior_elicitation,danger-distinct,2,5,catprop,stups,gold,spots
10,4066,prior_elicitation,nondistinctive,3,5,catprop,sapers,red,spots
10,2734,prior_elicitation,danger-distinct,4,15,catprop,zoovs,green,teeth
10,4407,prior_elicitation,nondistinctive,5,20,catprop,ollers,yellow,fur
10,3480,prior_elicitation,nondistinctive,6,10,catprop,plovs,gold,feathers
10,3831,prior_elicitation,danger-distinct,7,15,catprop,luzaks,orange,shells
10,9304,prior_elicitation,danger-distinct,8,10,catprop,lorches,purple,feathers
10,4415,prior_elicitation,nondistinctive,9,15,catprop,elleps,pink,ears
10,13911,prior_elicitation,nondistinctive,10,14,catprop,cheebas,blue,ears
10,5904,prior_elicitation,danger-distinct,11,20,catprop,kweps,copper,fur
10,2986,prior_elicitation,bare,12,10,catprop,dorbs,yellow,scales
10,2430,prior_elicitation,bare,13,20,catprop,kazzes,orange,ears
10,1743,prior_elicitation,nondistinctive,14,15,catprop,mooks,copper,stripes
10,2680,prior_elicitation,bare,15,5,catprop,morseths,silver,fur
10,1803,prior_elicitation,bare,16,15,catprop,glippets,copper,spots
10,3589,prior_elicitation,danger-distinct,17,3,catprop,javs,purple,shells
10,1768,prior_elicitation,bare,18,2,catprop,frams,silver,stripes
10,1887,prior_elicitation,danger-distinct,19,12,catprop,feps,pink,legs
10,1415,prior_elicitation,nondistinctive,20,3,catprop,daiths,gold,stripes
10,2945,prior_elicitation,danger-distinct,21,6,catprop,noobs,red,feathers
10,1847,prior_elicitation,nondistinctive,22,12,catprop,zorbs,orange,tails
10,1488,prior_elicitation,danger-distinct,23,13,catprop,thups,blue,teeth
10,1935,prior_elicitation,nondistinctive,24,16,catprop,ackles,silver,legs
10,2577,prior_elicitation,bare,25,32,catprop,taifels,purple,tails
10,1479,prior_elicitation,bare,26,23,catprop,ludinos,yellow,legs
10,1847,prior_elicitation,nondistinctive,27,12,catprop,krivels,pink,teeth
10,1391,prior_elicitation,bare,28,15,catprop,trufts,green,tails
10,1936,prior_elicitation,danger-distinct,29,32,catprop,moxes,green,shells
11,23733,prior_elicitation,nondistinctive,0,20,catprop,ackles,silver,legs
11,10378,prior_elicitation,bare,1,80,catprop,lorches,purple,feathers
11,8856,prior_elicitation,nondistinctive,2,25,catprop,moxes,green,shells
11,8086,prior_elicitation,nondistinctive,3,100,catprop,trufts,green,tails
11,9158,prior_elicitation,danger-distinct,4,10,catprop,kazzes,orange,ears
11,10053,prior_elicitation,danger-distinct,5,90,catprop,kweps,copper,fur
11,2502,prior_elicitation,nondistinctive,6,45,catprop,javs,purple,shells
11,7877,prior_elicitation,bare,7,2,catprop,feps,pink,legs
11,4055,prior_elicitation,bare,8,30,catprop,glippets,copper,spots
11,6944,prior_elicitation,danger-distinct,9,25,catprop,taifels,purple,tails
11,4560,prior_elicitation,danger-distinct,10,2,catprop,zorbs,orange,tails
11,4622,prior_elicitation,bare,11,90,catprop,morseths,silver,fur
11,7855,prior_elicitation,danger-distinct,12,75,catprop,luzaks,orange,shells
11,15061,prior_elicitation,nondistinctive,13,45,catprop,elleps,pink,ears
11,4030,prior_elicitation,nondistinctive,14,60,catprop,plovs,gold,feathers
11,8549,prior_elicitation,bare,15,15,catprop,daiths,gold,stripes
11,8913,prior_elicitation,danger-distinct,16,80,catprop,noobs,red,feathers
11,5512,prior_elicitation,bare,17,99,catprop,frams,silver,stripes
11,3427,prior_elicitation,bare,18,100,catprop,ludinos,yellow,legs
11,5067,prior_elicitation,bare,19,40,catprop,sapers,red,spots
11,4438,prior_elicitation,nondistinctive,20,80,catprop,stups,gold,spots
11,4275,prior_elicitation,danger-distinct,21,70,catprop,mooks,copper,stripes
11,4546,prior_elicitation,nondistinctive,22,100,catprop,thups,blue,teeth
11,10900,prior_elicitation,danger-distinct,23,30,catprop,cheebas,blue,ears
11,5613,prior_elicitation,danger-distinct,24,50,catprop,blins,red,scales
11,5147,prior_elicitation,nondistinctive,25,90,catprop,reesles,blue,scales
11,5176,prior_elicitation,bare,26,20,catprop,krivels,pink,teeth
11,6395,prior_elicitation,danger-distinct,27,40,catprop,dorbs,yellow,scales
11,2755,prior_elicitation,nondistinctive,28,60,catprop,ollers,yellow,fur
11,4077,prior_elicitation,bare,29,30,catprop,zoovs,green,teeth
12,25143,prior_elicitation,nondistinctive,0,50,catprop,dorbs,yellow,scales
12,10191,prior_elicitation,nondistinctive,1,20,catprop,reesles,blue,scales
12,10901,prior_elicitation,danger-distinct,2,5,catprop,moxes,green,shells
12,13545,prior_elicitation,danger-distinct,3,50,catprop,mooks,copper,stripes
12,6266,prior_elicitation,bare,4,80,catprop,zorbs,orange,tails
12,4635,prior_elicitation,bare,5,40,catprop,kazzes,orange,ears
12,9585,prior_elicitation,nondistinctive,6,50,catprop,luzaks,orange,shells
12,10429,prior_elicitation,danger-distinct,7,70,catprop,ollers,yellow,fur
12,5760,prior_elicitation,bare,8,80,catprop,lorches,purple,feathers
12,8573,prior_elicitation,nondistinctive,9,65,catprop,sapers,red,spots
12,24322,prior_elicitation,nondistinctive,10,25,catprop,blins,red,scales
12,10508,prior_elicitation,danger-distinct,11,45,catprop,morseths,silver,fur
12,4522,prior_elicitation,bare,12,65,catprop,kweps,copper,fur
12,7605,prior_elicitation,nondistinctive,13,90,catprop,ackles,silver,legs
12,4388,prior_elicitation,bare,14,50,catprop,elleps,pink,ears
12,9754,prior_elicitation,danger-distinct,15,50,catprop,stups,gold,spots
12,5715,prior_elicitation,bare,16,40,catprop,frams,silver,stripes
12,10969,prior_elicitation,danger-distinct,17,45,catprop,taifels,purple,tails
12,6299,prior_elicitation,nondistinctive,18,60,catprop,zoovs,green,teeth
12,3588,prior_elicitation,nondistinctive,19,90,catprop,noobs,red,feathers
12,4309,prior_elicitation,bare,20,40,catprop,thups,blue,teeth
12,4804,prior_elicitation,bare,21,50,catprop,glippets,copper,spots
12,4984,prior_elicitation,bare,22,50,catprop,feps,pink,legs
12,4893,prior_elicitation,danger-distinct,23,35,catprop,trufts,green,tails
12,6177,prior_elicitation,nondistinctive,24,45,catprop,daiths,gold,stripes
12,8572,prior_elicitation,danger-distinct,25,50,catprop,krivels,pink,teeth
12,5063,prior_elicitation,bare,26,40,catprop,ludinos,yellow,legs
12,8111,prior_elicitation,danger-distinct,27,100,catprop,cheebas,blue,ears
12,4084,prior_elicitation,nondistinctive,28,60,catprop,javs,purple,shells
12,3667,prior_elicitation,danger-distinct,29,55,catprop,plovs,gold,feathers
13,47120,prior_elicitation,danger-distinct,0,5,catprop,blins,red,scales
13,17637,prior_elicitation,nondistinctive,1,20,catprop,frams,silver,stripes
13,8344,prior_elicitation,nondistinctive,2,20,catprop,daiths,gold,stripes
13,6802,prior_elicitation,nondistinctive,3,20,catprop,krivels,pink,teeth
13,5835,prior_elicitation,nondistinctive,4,20,catprop,dorbs,yellow,scales
13,5392,prior_elicitation,nondistinctive,5,20,catprop,ollers,yellow,fur
13,8091,prior_elicitation,bare,6,0,catprop,ackles,silver,legs
13,7007,prior_elicitation,nondistinctive,7,20,catprop,stups,gold,spots
13,5478,prior_elicitation,nondistinctive,8,20,catprop,thups,blue,teeth
13,5062,prior_elicitation,danger-distinct,9,5,catprop,kazzes,orange,ears
13,10982,prior_elicitation,bare,10,2,catprop,luzaks,orange,shells
13,6336,prior_elicitation,nondistinctive,11,20,catprop,cheebas,blue,ears
13,5634,prior_elicitation,nondistinctive,12,20,catprop,zorbs,orange,tails
13,5394,prior_elicitation,bare,13,5,catprop,sapers,red,spots
13,5454,prior_elicitation,danger-distinct,14,5,catprop,plovs,gold,feathers
13,6945,prior_elicitation,danger-distinct,15,5,catprop,noobs,red,feathers
13,4702,prior_elicitation,nondistinctive,16,20,catprop,javs,purple,shells
13,3999,prior_elicitation,danger-distinct,17,5,catprop,ludinos,yellow,legs
13,6695,prior_elicitation,danger-distinct,18,5,catprop,kweps,copper,fur
13,7414,prior_elicitation,bare,19,5,catprop,glippets,copper,spots
13,4774,prior_elicitation,bare,20,5,catprop,elleps,pink,ears
13,6405,prior_elicitation,danger-distinct,21,5,catprop,taifels,purple,tails
13,4688,prior_elicitation,danger-distinct,22,5,catprop,morseths,silver,fur
13,3398,prior_elicitation,bare,23,0,catprop,zoovs,green,teeth
13,5282,prior_elicitation,danger-distinct,24,5,catprop,lorches,purple,feathers
13,3976,prior_elicitation,bare,25,20,catprop,moxes,green,shells
13,2906,prior_elicitation,bare,26,0,catprop,reesles,blue,scales
13,3867,prior_elicitation,bare,27,5,catprop,trufts,green,tails
13,3305,prior_elicitation,bare,28,20,catprop,mooks,copper,stripes
13,4537,prior_elicitation,danger-distinct,29,5,catprop,feps,pink,legs
14,11323,prior_elicitation,nondistinctive,0,20,catprop,morseths,silver,fur
14,12902,prior_elicitation,bare,1,100,catprop,noobs,red,feathers
14,5201,prior_elicitation,nondistinctive,2,50,catprop,taifels,purple,tails
14,3970,prior_elicitation,nondistinctive,3,10,catprop,zoovs,green,teeth
14,2294,prior_elicitation,nondistinctive,4,30,catprop,ollers,yellow,fur
14,3438,prior_elicitation,danger-distinct,5,40,catprop,blins,red,scales
14,4314,prior_elicitation,danger-distinct,6,100,catprop,ackles,silver,legs
14,3239,prior_elicitation,danger-distinct,7,30,catprop,glippets,copper,spots
14,2721,prior_elicitation,bare,8,50,catprop,ludinos,yellow,legs
14,4075,prior_elicitation,danger-distinct,9,60,catprop,cheebas,blue,ears
14,3423,prior_elicitation,bare,10,100,catprop,krivels,pink,teeth
14,3943,prior_elicitation,nondistinctive,11,30,catprop,kweps,copper,fur
14,2208,prior_elicitation,danger-distinct,12,10,catprop,elleps,pink,ears
14,2487,prior_elicitation,danger-distinct,13,50,catprop,sapers,red,spots
14,2180,prior_elicitation,nondistinctive,14,50,catprop,lorches,purple,feathers
14,2508,prior_elicitation,bare,15,30,catprop,feps,pink,legs
14,2773,prior_elicitation,bare,16,10,catprop,daiths,gold,stripes
14,3341,prior_elicitation,nondistinctive,17,20,catprop,zorbs,orange,tails
14,2684,prior_elicitation,bare,18,50,catprop,plovs,gold,feathers
14,3498,prior_elicitation,bare,19,70,catprop,moxes,green,shells
14,2573,prior_elicitation,nondistinctive,20,60,catprop,luzaks,orange,shells
14,3281,prior_elicitation,bare,21,60,catprop,thups,blue,teeth
14,2964,prior_elicitation,danger-distinct,22,70,catprop,mooks,copper,stripes
14,3200,prior_elicitation,nondistinctive,23,30,catprop,dorbs,yellow,scales
14,2404,prior_elicitation,nondistinctive,24,50,catprop,trufts,green,tails
14,2145,prior_elicitation,danger-distinct,25,60,catprop,kazzes,orange,ears
14,3669,prior_elicitation,bare,26,70,catprop,frams,silver,stripes
14,2709,prior_elicitation,danger-distinct,27,60,catprop,javs,purple,shells
14,3198,prior_elicitation,danger-distinct,28,60,catprop,stups,gold,spots
14,2670,prior_elicitation,bare,29,30,catprop,reesles,blue,scales
15,16713,prior_elicitation,danger-distinct,0,100,catprop,javs,purple,shells
15,7992,prior_elicitation,bare,1,2,catprop,taifels,purple,tails
15,9150,prior_elicitation,bare,2,5,catprop,krivels,pink,teeth
15,11371,prior_elicitation,nondistinctive,3,20,catprop,elleps,pink,ears
15,8762,prior_elicitation,nondistinctive,4,100,catprop,lorches,purple,feathers
15,10476,prior_elicitation,bare,5,80,catprop,glippets,copper,spots
15,6810,prior_elicitation,bare,6,100,catprop,morseths,silver,fur
15,9952,prior_elicitation,nondistinctive,7,60,catprop,frams,silver,stripes
15,27746,prior_elicitation,bare,8,75,catprop,noobs,red,feathers
15,11371,prior_elicitation,danger-distinct,9,100,catprop,kazzes,orange,ears
15,63744,prior_elicitation,nondistinctive,10,100,catprop,ackles,silver,legs
15,10055,prior_elicitation,danger-distinct,11,100,catprop,reesles,blue,scales
15,4977,prior_elicitation,bare,12,30,catprop,sapers,red,spots
15,15372,prior_elicitation,nondistinctive,13,65,catprop,kweps,copper,fur
15,21571,prior_elicitation,nondistinctive,14,5,catprop,cheebas,blue,ears
15,14491,prior_elicitation,danger-distinct,15,10,catprop,ludinos,yellow,legs
15,8508,prior_elicitation,nondistinctive,16,50,catprop,trufts,green,tails
15,5879,prior_elicitation,danger-distinct,17,20,catprop,moxes,green,shells
15,8097,prior_elicitation,danger-distinct,18,10,catprop,mooks,copper,stripes
15,7850,prior_elicitation,nondistinctive,19,40,catprop,luzaks,orange,shells
15,9037,prior_elicitation,danger-distinct,20,5,catprop,blins,red,scales
15,5867,prior_elicitation,nondistinctive,21,35,catprop,zorbs,orange,tails
15,5015,prior_elicitation,bare,22,15,catprop,daiths,gold,stripes
15,6135,prior_elicitation,nondistinctive,23,20,catprop,feps,pink,legs
15,4468,prior_elicitation,bare,24,5,catprop,thups,blue,teeth
15,3849,prior_elicitation,danger-distinct,25,10,catprop,dorbs,yellow,scales
15,5167,prior_elicitation,danger-distinct,26,5,catprop,ollers,yellow,fur
15,4086,prior_elicitation,bare,27,15,catprop,plovs,gold,feathers
15,4810,prior_elicitation,danger-distinct,28,15,catprop,stups,gold,spots
15,3547,prior_elicitation,bare,29,2,catprop,zoovs,green,teeth
16,13882,prior_elicitation,nondistinctive,0,34,catprop,plovs,gold,feathers
16,9575,prior_elicitation,bare,1,28,catprop,frams,silver,stripes
16,15523,prior_elicitation,bare,2,26,catprop,kweps,copper,fur
16,6638,prior_elicitation,nondistinctive,3,54,catprop,taifels,purple,tails
16,5439,prior_elicitation,nondistinctive,4,46,catprop,stups,gold,spots
16,7039,prior_elicitation,bare,5,18,catprop,zorbs,orange,tails
16,4833,prior_elicitation,bare,6,17,catprop,javs,purple,shells
16,6485,prior_elicitation,bare,7,21,catprop,krivels,pink,teeth
16,4018,prior_elicitation,nondistinctive,8,45,catprop,cheebas,blue,ears
16,5570,prior_elicitation,danger-distinct,9,42,catprop,mooks,copper,stripes
16,6899,prior_elicitation,danger-distinct,10,9,catprop,elleps,pink,ears
16,5053,prior_elicitation,nondistinctive,11,37,catprop,thups,blue,teeth
16,4386,prior_elicitation,bare,12,42,catprop,reesles,blue,scales
16,3704,prior_elicitation,danger-distinct,13,7,catprop,moxes,green,shells
16,4891,prior_elicitation,bare,14,27,catprop,lorches,purple,feathers
16,4311,prior_elicitation,danger-distinct,15,9,catprop,sapers,red,spots
16,4271,prior_elicitation,nondistinctive,16,34,catprop,glippets,copper,spots
16,3956,prior_elicitation,nondistinctive,17,43,catprop,kazzes,orange,ears
16,4648,prior_elicitation,nondistinctive,18,32,catprop,morseths,silver,fur
16,4075,prior_elicitation,bare,19,11,catprop,luzaks,orange,shells
16,4336,prior_elicitation,danger-distinct,20,6,catprop,daiths,gold,stripes
16,4127,prior_elicitation,danger-distinct,21,8,catprop,ollers,yellow,fur
16,3327,prior_elicitation,danger-distinct,22,7,catprop,feps,pink,legs
16,7772,prior_elicitation,nondistinctive,23,22,catprop,ludinos,yellow,legs
16,4885,prior_elicitation,bare,24,14,catprop,blins,red,scales
16,3683,prior_elicitation,danger-distinct,25,9,catprop,trufts,green,tails
16,4237,prior_elicitation,nondistinctive,26,33,catprop,noobs,red,feathers
16,5507,prior_elicitation,bare,27,21,catprop,ackles,silver,legs
16,4204,prior_elicitation,danger-distinct,28,8,catprop,dorbs,yellow,scales
16,3127,prior_elicitation,danger-distinct,29,7,catprop,zoovs,green,teeth
17,29581,prior_elicitation,nondistinctive,0,35,catprop,kazzes,orange,ears
17,21483,prior_elicitation,nondistinctive,1,10,catprop,javs,purple,shells
17,9732,prior_elicitation,bare,2,5,catprop,zorbs,orange,tails
17,16150,prior_elicitation,danger-distinct,3,1,catprop,reesles,blue,scales
17,23215,prior_elicitation,danger-distinct,4,10,catprop,feps,pink,legs
17,19166,prior_elicitation,nondistinctive,5,20,catprop,sapers,red,spots
17,9733,prior_elicitation,danger-distinct,6,10,catprop,trufts,green,tails
17,14982,prior_elicitation,danger-distinct,7,5,catprop,morseths,silver,fur
17,11809,prior_elicitation,bare,8,9,catprop,luzaks,orange,shells
17,14309,prior_elicitation,danger-distinct,9,15,catprop,kweps,copper,fur
17,12632,prior_elicitation,danger-distinct,10,50,catprop,elleps,pink,ears
17,8501,prior_elicitation,nondistinctive,11,75,catprop,noobs,red,feathers
17,5265,prior_elicitation,nondistinctive,12,25,catprop,frams,silver,stripes
17,7232,prior_elicitation,danger-distinct,13,80,catprop,glippets,copper,spots
17,7636,prior_elicitation,danger-distinct,14,40,catprop,stups,gold,spots
17,5413,prior_elicitation,bare,15,20,catprop,moxes,green,shells
17,8351,prior_elicitation,bare,16,45,catprop,dorbs,yellow,scales
17,7032,prior_elicitation,nondistinctive,17,60,catprop,taifels,purple,tails
17,8784,prior_elicitation,bare,18,19,catprop,plovs,gold,feathers
17,5051,prior_elicitation,bare,19,50,catprop,ludinos,yellow,legs
17,7217,prior_elicitation,nondistinctive,20,43,catprop,thups,blue,teeth
17,10167,prior_elicitation,bare,21,33,catprop,zoovs,green,teeth
17,6097,prior_elicitation,nondistinctive,22,65,catprop,ackles,silver,legs
17,4167,prior_elicitation,nondistinctive,23,42,catprop,mooks,copper,stripes
17,11165,prior_elicitation,danger-distinct,24,30,catprop,krivels,pink,teeth
17,27549,prior_elicitation,nondistinctive,25,25,catprop,ollers,yellow,fur
17,5949,prior_elicitation,bare,26,35,catprop,lorches,purple,feathers
17,6350,prior_elicitation,danger-distinct,27,50,catprop,daiths,gold,stripes
17,4933,prior_elicitation,bare,28,25,catprop,blins,red,scales
17,5100,prior_elicitation,bare,29,45,catprop,cheebas,blue,ears
18,19859,prior_elicitation,danger-distinct,0,10,catprop,trufts,green,tails
18,12477,prior_elicitation,nondistinctive,1,30,catprop,moxes,green,shells
18,11457,prior_elicitation,bare,2,10,catprop,morseths,silver,fur
18,9318,prior_elicitation,nondistinctive,3,30,catprop,javs,purple,shells
18,8269,prior_elicitation,nondistinctive,4,20,catprop,ackles,silver,legs
18,8216,prior_elicitation,bare,5,10,catprop,stups,gold,spots
18,4806,prior_elicitation,bare,6,10,catprop,ludinos,yellow,legs
18,5816,prior_elicitation,nondistinctive,7,20,catprop,sapers,red,spots
18,6495,prior_elicitation,nondistinctive,8,20,catprop,zoovs,green,teeth
18,10125,prior_elicitation,danger-distinct,9,10,catprop,cheebas,blue,ears
18,10497,prior_elicitation,danger-distinct,10,10,catprop,zorbs,orange,tails
18,5449,prior_elicitation,bare,11,10,catprop,mooks,copper,stripes
18,5012,prior_elicitation,nondistinctive,12,20,catprop,elleps,pink,ears
18,6085,prior_elicitation,bare,13,10,catprop,kazzes,orange,ears
18,6312,prior_elicitation,nondistinctive,14,20,catprop,blins,red,scales
18,5357,prior_elicitation,bare,15,10,catprop,frams,silver,stripes
18,3367,prior_elicitation,bare,16,10,catprop,taifels,purple,tails
18,12158,prior_elicitation,danger-distinct,17,10,catprop,luzaks,orange,shells
18,8693,prior_elicitation,danger-distinct,18,10,catprop,feps,pink,legs
18,7140,prior_elicitation,danger-distinct,19,10,catprop,reesles,blue,scales
18,6344,prior_elicitation,nondistinctive,20,20,catprop,kweps,copper,fur
18,4967,prior_elicitation,bare,21,10,catprop,lorches,purple,feathers
18,3580,prior_elicitation,bare,22,10,catprop,plovs,gold,feathers
18,3364,prior_elicitation,danger-distinct,23,10,catprop,noobs,red,feathers
18,2893,prior_elicitation,danger-distinct,24,10,catprop,dorbs,yellow,scales
18,3841,prior_elicitation,nondistinctive,25,20,catprop,glippets,copper,spots
18,3222,prior_elicitation,danger-distinct,26,10,catprop,ollers,yellow,fur
18,4590,prior_elicitation,nondistinctive,27,20,catprop,thups,blue,teeth
18,6183,prior_elicitation,bare,28,10,catprop,daiths,gold,stripes
18,4537,prior_elicitation,danger-distinct,29,10,catprop,krivels,pink,teeth
19,9555,prior_elicitation,nondistinctive,0,25,catprop,elleps,pink,ears
19,6801,prior_elicitation,bare,1,25,catprop,dorbs,yellow,scales
19,7796,prior_elicitation,bare,2,10,catprop,stups,gold,spots
19,4158,prior_elicitation,bare,3,25,catprop,ackles,silver,legs
19,6775,prior_elicitation,nondistinctive,4,30,catprop,krivels,pink,teeth
19,9100,prior_elicitation,nondistinctive,5,50,catprop,morseths,silver,fur
19,3164,prior_elicitation,bare,6,65,catprop,cheebas,blue,ears
19,3645,prior_elicitation,nondistinctive,7,80,catprop,plovs,gold,feathers
19,4274,prior_elicitation,danger-distinct,8,25,catprop,blins,red,scales
19,4185,prior_elicitation,bare,9,12,catprop,ludinos,yellow,legs
19,2717,prior_elicitation,nondistinctive,10,10,catprop,sapers,red,spots
19,3755,prior_elicitation,nondistinctive,11,15,catprop,trufts,green,tails
19,3958,prior_elicitation,danger-distinct,12,50,catprop,zoovs,green,teeth
19,2272,prior_elicitation,danger-distinct,13,60,catprop,mooks,copper,stripes
19,2989,prior_elicitation,nondistinctive,14,45,catprop,thups,blue,teeth
19,1777,prior_elicitation,danger-distinct,15,25,catprop,ollers,yellow,fur
19,4000,prior_elicitation,danger-distinct,16,75,catprop,noobs,red,feathers
19,3016,prior_elicitation,danger-distinct,17,85,catprop,lorches,purple,feathers
19,2950,prior_elicitation,bare,18,25,catprop,luzaks,orange,shells
19,4269,prior_elicitation,danger-distinct,19,10,catprop,reesles,blue,scales
19,2926,prior_elicitation,nondistinctive,20,10,catprop,glippets,copper,spots
19,3003,prior_elicitation,bare,21,90,catprop,taifels,purple,tails
19,3319,prior_elicitation,bare,22,100,catprop,kweps,copper,fur
19,2651,prior_elicitation,danger-distinct,23,95,catprop,frams,silver,stripes
19,2003,prior_elicitation,nondistinctive,24,10,catprop,feps,pink,legs
19,2287,prior_elicitation,danger-distinct,25,28,catprop,zorbs,orange,tails
19,2164,prior_elicitation,nondistinctive,26,45,catprop,daiths,gold,stripes
19,2840,prior_elicitation,danger-distinct,27,50,catprop,moxes,green,shells
19,10609,prior_elicitation,bare,28,50,catprop,javs,purple,shells
19,3288,prior_elicitation,bare,29,67,catprop,kazzes,orange,ears
20,11132,prior_elicitation,danger-distinct,0,50,catprop,morseths,silver,fur
20,24925,prior_elicitation,nondistinctive,1,25,catprop,elleps,pink,ears
20,56262,prior_elicitation,danger-distinct,2,40,catprop,taifels,purple,tails
20,8376,prior_elicitation,bare,3,50,catprop,mooks,copper,stripes
20,52878,prior_elicitation,danger-distinct,4,70,catprop,plovs,gold,feathers
20,5415,prior_elicitation,nondistinctive,5,20,catprop,ollers,yellow,fur
20,28125,prior_elicitation,danger-distinct,6,30,catprop,glippets,copper,spots
20,4106,prior_elicitation,danger-distinct,7,50,catprop,feps,pink,legs
20,6382,prior_elicitation,nondistinctive,8,60,catprop,zorbs,orange,tails
20,3816,prior_elicitation,nondistinctive,9,20,catprop,kweps,copper,fur
20,4927,prior_elicitation,nondistinctive,10,10,catprop,cheebas,blue,ears
20,5103,prior_elicitation,nondistinctive,11,50,catprop,javs,purple,shells
20,3343,prior_elicitation,bare,12,40,catprop,frams,silver,stripes
20,54095,prior_elicitation,bare,13,60,catprop,stups,gold,spots
20,2560,prior_elicitation,bare,14,40,catprop,zoovs,green,teeth
20,8343,prior_elicitation,danger-distinct,15,70,catprop,sapers,red,spots
20,7175,prior_elicitation,nondistinctive,16,60,catprop,krivels,pink,teeth
20,3920,prior_elicitation,bare,17,20,catprop,thups,blue,teeth
20,5711,prior_elicitation,nondistinctive,18,90,catprop,dorbs,yellow,scales
20,4655,prior_elicitation,danger-distinct,19,50,catprop,lorches,purple,feathers
20,3743,prior_elicitation,bare,20,30,catprop,luzaks,orange,shells
20,4431,prior_elicitation,danger-distinct,21,80,catprop,noobs,red,feathers
20,3791,prior_elicitation,bare,22,20,catprop,kazzes,orange,ears
20,9839,prior_elicitation,bare,23,20,catprop,trufts,green,tails
20,4759,prior_elicitation,nondistinctive,24,50,catprop,blins,red,scales
20,4038,prior_elicitation,danger-distinct,25,60,catprop,moxes,green,shells
20,3600,prior_elicitation,nondistinctive,26,10,catprop,reesles,blue,scales
20,4992,prior_elicitation,bare,27,70,catprop,ludinos,yellow,legs
20,2710,prior_elicitation,bare,28,40,catprop,ackles,silver,legs
20,4480,prior_elicitation,danger-distinct,29,20,catprop,daiths,gold,stripes
21,48112,prior_elicitation,nondistinctive,0,100,catprop,kweps,copper,fur
21,22133,prior_elicitation,nondistinctive,1,100,catprop,thups,blue,teeth
21,12591,prior_elicitation,bare,2,50,catprop,zorbs,orange,tails
21,24344,prior_elicitation,danger-distinct,3,100,catprop,stups,gold,spots
21,14379,prior_elicitation,nondistinctive,4,100,catprop,morseths,silver,fur
21,14886,prior_elicitation,nondistinctive,5,100,catprop,luzaks,orange,shells
21,15649,prior_elicitation,danger-distinct,6,100,catprop,glippets,copper,spots
21,11656,prior_elicitation,danger-distinct,7,100,catprop,mooks,copper,stripes
21,8352,prior_elicitation,nondistinctive,8,100,catprop,javs,purple,shells
21,11909,prior_elicitation,bare,9,50,catprop,ludinos,yellow,legs
21,6067,prior_elicitation,bare,10,50,catprop,reesles,blue,scales
21,6868,prior_elicitation,bare,11,50,catprop,sapers,red,spots
21,9292,prior_elicitation,bare,12,100,catprop,ackles,silver,legs
21,5044,prior_elicitation,bare,13,100,catprop,blins,red,scales
21,9021,prior_elicitation,danger-distinct,14,100,catprop,krivels,pink,teeth
21,7718,prior_elicitation,bare,15,50,catprop,zoovs,green,teeth
21,5539,prior_elicitation,bare,16,50,catprop,cheebas,blue,ears
21,5538,prior_elicitation,bare,17,50,catprop,dorbs,yellow,scales
21,6370,prior_elicitation,nondistinctive,18,100,catprop,ollers,yellow,fur
21,5788,prior_elicitation,bare,19,50,catprop,lorches,purple,feathers
21,8719,prior_elicitation,danger-distinct,20,100,catprop,elleps,pink,ears
21,4438,prior_elicitation,nondistinctive,21,100,catprop,trufts,green,tails
21,9778,prior_elicitation,danger-distinct,22,100,catprop,moxes,green,shells
21,6556,prior_elicitation,nondistinctive,23,100,catprop,feps,pink,legs
21,10200,prior_elicitation,danger-distinct,24,100,catprop,frams,silver,stripes
21,4888,prior_elicitation,nondistinctive,25,100,catprop,noobs,red,feathers
21,7238,prior_elicitation,danger-distinct,26,100,catprop,plovs,gold,feathers
21,8375,prior_elicitation,nondistinctive,27,100,catprop,daiths,gold,stripes
21,5818,prior_elicitation,danger-distinct,28,100,catprop,taifels,purple,tails
21,4218,prior_elicitation,danger-distinct,29,100,catprop,kazzes,orange,ears
22,14423,prior_elicitation,nondistinctive,0,40,catprop,reesles,blue,scales
22,4284,prior_elicitation,danger-distinct,1,65,catprop,glippets,copper,spots
22,5745,prior_elicitation,nondistinctive,2,90,catprop,taifels,purple,tails
22,5224,prior_elicitation,nondistinctive,3,95,catprop,blins,red,scales
22,3063,prior_elicitation,danger-distinct,4,80,catprop,plovs,gold,feathers
22,2306,prior_elicitation,danger-distinct,5,75,catprop,noobs,red,feathers
22,6440,prior_elicitation,bare,6,5,catprop,ludinos,yellow,legs
22,7003,prior_elicitation,danger-distinct,7,80,catprop,ackles,silver,legs
22,4220,prior_elicitation,danger-distinct,8,75,catprop,moxes,green,shells
22,3875,prior_elicitation,nondistinctive,9,70,catprop,feps,pink,legs
22,3875,prior_elicitation,danger-distinct,10,90,catprop,krivels,pink,teeth
22,2633,prior_elicitation,nondistinctive,11,85,catprop,elleps,pink,ears
22,4273,prior_elicitation,danger-distinct,12,80,catprop,zorbs,orange,tails
22,9283,prior_elicitation,bare,13,5,catprop,morseths,silver,fur
22,4150,prior_elicitation,bare,14,3,catprop,lorches,purple,feathers
22,4886,prior_elicitation,nondistinctive,15,80,catprop,stups,gold,spots
22,4543,prior_elicitation,nondistinctive,16,65,catprop,zoovs,green,teeth
22,6893,prior_elicitation,danger-distinct,17,90,catprop,thups,blue,teeth
22,3687,prior_elicitation,danger-distinct,18,95,catprop,javs,purple,shells
22,5985,prior_elicitation,bare,19,10,catprop,ollers,yellow,fur
22,2789,prior_elicitation,bare,20,5,catprop,sapers,red,spots
22,4440,prior_elicitation,nondistinctive,21,80,catprop,daiths,gold,stripes
22,3786,prior_elicitation,nondistinctive,22,90,catprop,trufts,green,tails
22,3817,prior_elicitation,bare,23,3,catprop,cheebas,blue,ears
22,4129,prior_elicitation,nondistinctive,24,80,catprop,kazzes,orange,ears
22,5730,prior_elicitation,bare,25,10,catprop,dorbs,yellow,scales
22,2870,prior_elicitation,bare,26,3,catprop,kweps,copper,fur
22,3292,prior_elicitation,bare,27,5,catprop,luzaks,orange,shells
22,3567,prior_elicitation,bare,28,3,catprop,frams,silver,stripes
22,4597,prior_elicitation,danger-distinct,29,80,catprop,mooks,copper,stripes
23,42479,prior_elicitation,danger-distinct,0,2,catprop,blins,red,scales
23,5912,prior_elicitation,bare,1,50,catprop,ollers,yellow,fur
23,9711,prior_elicitation,nondistinctive,2,10,catprop,moxes,green,shells
23,7895,prior_elicitation,bare,3,60,catprop,lorches,purple,feathers
23,7600,prior_elicitation,nondistinctive,4,50,catprop,frams,silver,stripes
23,4929,prior_elicitation,nondistinctive,5,70,catprop,sapers,red,spots
23,5592,prior_elicitation,bare,6,40,catprop,ludinos,yellow,legs
23,4127,prior_elicitation,danger-distinct,7,50,catprop,reesles,blue,scales
23,5016,prior_elicitation,nondistinctive,8,10,catprop,krivels,pink,teeth
23,4024,prior_elicitation,nondistinctive,9,0,catprop,noobs,red,feathers
23,3632,prior_elicitation,bare,10,15,catprop,zorbs,orange,tails
23,6392,prior_elicitation,danger-distinct,11,20,catprop,trufts,green,tails
23,5904,prior_elicitation,nondistinctive,12,60,catprop,feps,pink,legs
23,3281,prior_elicitation,danger-distinct,13,70,catprop,luzaks,orange,shells
23,3839,prior_elicitation,nondistinctive,14,30,catprop,daiths,gold,stripes
23,4192,prior_elicitation,nondistinctive,15,60,catprop,cheebas,blue,ears
23,2960,prior_elicitation,danger-distinct,16,60,catprop,thups,blue,teeth
23,6800,prior_elicitation,bare,17,80,catprop,zoovs,green,teeth
23,3632,prior_elicitation,bare,18,75,catprop,plovs,gold,feathers
23,5016,prior_elicitation,bare,19,40,catprop,ackles,silver,legs
23,5040,prior_elicitation,danger-distinct,20,50,catprop,elleps,pink,ears
23,2488,prior_elicitation,danger-distinct,21,30,catprop,glippets,copper,spots
23,3863,prior_elicitation,bare,22,30,catprop,stups,gold,spots
23,3232,prior_elicitation,danger-distinct,23,50,catprop,mooks,copper,stripes
23,3265,prior_elicitation,danger-distinct,24,40,catprop,taifels,purple,tails
23,14296,prior_elicitation,bare,25,25,catprop,kweps,copper,fur
23,3942,prior_elicitation,nondistinctive,26,45,catprop,dorbs,yellow,scales
23,7599,prior_elicitation,bare,27,60,catprop,kazzes,orange,ears
23,2824,prior_elicitation,nondistinctive,28,10,catprop,javs,purple,shells
23,3673,prior_elicitation,danger-distinct,29,15,catprop,morseths,silver,fur
24,32374,prior_elicitation,nondistinctive,0,50,catprop,krivels,pink,teeth
24,12871,prior_elicitation,nondistinctive,1,30,catprop,plovs,gold,feathers
24,22685,prior_elicitation,danger-distinct,2,5,catprop,morseths,silver,fur
24,16212,prior_elicitation,danger-distinct,3,3,catprop,luzaks,orange,shells
24,11048,prior_elicitation,danger-distinct,4,5,catprop,thups,blue,teeth
24,15857,prior_elicitation,bare,5,5,catprop,dorbs,yellow,scales
24,11887,prior_elicitation,nondistinctive,6,20,catprop,sapers,red,spots
24,8141,prior_elicitation,nondistinctive,7,10,catprop,blins,red,scales
24,8806,prior_elicitation,nondistinctive,8,10,catprop,ackles,silver,legs
24,10018,prior_elicitation,bare,9,5,catprop,mooks,copper,stripes
24,4740,prior_elicitation,bare,10,5,catprop,daiths,gold,stripes
24,15678,prior_elicitation,bare,11,5,catprop,feps,pink,legs
24,19121,prior_elicitation,danger-distinct,12,5,catprop,cheebas,blue,ears
24,10738,prior_elicitation,danger-distinct,13,5,catprop,elleps,pink,ears
24,13252,prior_elicitation,danger-distinct,14,5,catprop,glippets,copper,spots
24,11329,prior_elicitation,danger-distinct,15,5,catprop,kazzes,orange,ears
24,8645,prior_elicitation,bare,16,5,catprop,javs,purple,shells
24,6607,prior_elicitation,nondistinctive,17,10,catprop,zorbs,orange,tails
24,6811,prior_elicitation,nondistinctive,18,5,catprop,reesles,blue,scales
24,8163,prior_elicitation,bare,19,5,catprop,ludinos,yellow,legs
24,4139,prior_elicitation,bare,20,5,catprop,kweps,copper,fur
24,6069,prior_elicitation,nondistinctive,21,10,catprop,moxes,green,shells
24,6522,prior_elicitation,danger-distinct,22,10,catprop,lorches,purple,feathers
24,7509,prior_elicitation,danger-distinct,23,5,catprop,noobs,red,feathers
24,6590,prior_elicitation,nondistinctive,24,10,catprop,stups,gold,spots
24,4369,prior_elicitation,bare,25,5,catprop,frams,silver,stripes
24,10149,prior_elicitation,bare,26,5,catprop,zoovs,green,teeth
24,10236,prior_elicitation,danger-distinct,27,5,catprop,taifels,purple,tails
24,6862,prior_elicitation,bare,28,5,catprop,ollers,yellow,fur
24,9131,prior_elicitation,nondistinctive,29,10,catprop,trufts,green,tails
25,155226,prior_elicitation,danger-distinct,0,40,catprop,krivels,pink,teeth
25,4193,prior_elicitation,nondistinctive,1,30,catprop,reesles,blue,scales
25,5409,prior_elicitation,danger-distinct,2,6,catprop,stups,gold,spots
25,7528,prior_elicitation,nondistinctive,3,40,catprop,kweps,copper,fur
25,4120,prior_elicitation,danger-distinct,4,7,catprop,dorbs,yellow,scales
25,7008,prior_elicitation,bare,5,20,catprop,glippets,copper,spots
25,2816,prior_elicitation,bare,6,10,catprop,trufts,green,tails
25,4031,prior_elicitation,danger-distinct,7,8,catprop,frams,silver,stripes
25,4687,prior_elicitation,nondistinctive,8,30,catprop,noobs,red,feathers
25,2743,prior_elicitation,bare,9,20,catprop,feps,pink,legs
25,1772,prior_elicitation,bare,10,10,catprop,cheebas,blue,ears
25,1491,prior_elicitation,bare,11,10,catprop,plovs,gold,feathers
25,2088,prior_elicitation,danger-distinct,12,20,catprop,zoovs,green,teeth
25,2887,prior_elicitation,nondistinctive,13,30,catprop,kazzes,orange,ears
25,3055,prior_elicitation,danger-distinct,14,8,catprop,sapers,red,spots
25,4408,prior_elicitation,danger-distinct,15,3,catprop,ollers,yellow,fur
25,3703,prior_elicitation,nondistinctive,16,20,catprop,zorbs,orange,tails
25,2648,prior_elicitation,nondistinctive,17,21,catprop,moxes,green,shells
25,3448,prior_elicitation,bare,18,5,catprop,blins,red,scales
25,2592,prior_elicitation,danger-distinct,19,5,catprop,thups,blue,teeth
25,1888,prior_elicitation,bare,20,5,catprop,daiths,gold,stripes
25,983,prior_elicitation,bare,21,5,catprop,mooks,copper,stripes
25,2760,prior_elicitation,nondistinctive,22,20,catprop,elleps,pink,ears
25,5016,prior_elicitation,nondistinctive,23,15,catprop,taifels,purple,tails
25,5439,prior_elicitation,nondistinctive,24,21,catprop,lorches,purple,feathers
25,2820,prior_elicitation,danger-distinct,25,20,catprop,morseths,silver,fur
25,5906,prior_elicitation,danger-distinct,26,4,catprop,ludinos,yellow,legs
25,6696,prior_elicitation,nondistinctive,27,20,catprop,ackles,silver,legs
25,3608,prior_elicitation,bare,28,5,catprop,luzaks,orange,shells
25,1096,prior_elicitation,bare,29,5,catprop,javs,purple,shells
26,25668,prior_elicitation,bare,0,2,catprop,thups,blue,teeth
26,18564,prior_elicitation,danger-distinct,1,5,catprop,javs,purple,shells
26,16248,prior_elicitation,nondistinctive,2,10,catprop,ackles,silver,legs
26,15038,prior_elicitation,bare,3,10,catprop,feps,pink,legs
26,37773,prior_elicitation,bare,4,100,catprop,reesles,blue,scales
26,17484,prior_elicitation,bare,5,50,catprop,noobs,red,feathers
26,14560,prior_elicitation,bare,6,30,catprop,ollers,yellow,fur
26,13789,prior_elicitation,nondistinctive,7,60,catprop,lorches,purple,feathers
26,21489,prior_elicitation,danger-distinct,8,2,catprop,morseths,silver,fur
26,16751,prior_elicitation,danger-distinct,9,5,catprop,zoovs,green,teeth
26,16095,prior_elicitation,nondistinctive,10,90,catprop,blins,red,scales
26,27410,prior_elicitation,nondistinctive,11,80,catprop,sapers,red,spots
26,14026,prior_elicitation,nondistinctive,12,90,catprop,kazzes,orange,ears
26,17477,prior_elicitation,bare,13,5,catprop,moxes,green,shells
26,14987,prior_elicitation,bare,14,50,catprop,glippets,copper,spots
26,10107,prior_elicitation,bare,15,75,catprop,trufts,green,tails
26,14486,prior_elicitation,danger-distinct,16,1,catprop,cheebas,blue,ears
26,14323,prior_elicitation,danger-distinct,17,2,catprop,elleps,pink,ears
26,13895,prior_elicitation,danger-distinct,18,5,catprop,luzaks,orange,shells
26,19609,prior_elicitation,danger-distinct,19,1,catprop,daiths,gold,stripes
26,13636,prior_elicitation,bare,20,60,catprop,ludinos,yellow,legs
26,12164,prior_elicitation,danger-distinct,21,1,catprop,dorbs,yellow,scales
26,13151,prior_elicitation,nondistinctive,22,60,catprop,taifels,purple,tails
26,13270,prior_elicitation,nondistinctive,23,90,catprop,plovs,gold,feathers
26,12363,prior_elicitation,nondistinctive,24,80,catprop,zorbs,orange,tails
26,11656,prior_elicitation,nondistinctive,25,75,catprop,stups,gold,spots
26,10836,prior_elicitation,nondistinctive,26,50,catprop,krivels,pink,teeth
26,10377,prior_elicitation,bare,27,40,catprop,frams,silver,stripes
26,9761,prior_elicitation,danger-distinct,28,5,catprop,kweps,copper,fur
26,7213,prior_elicitation,danger-distinct,29,1,catprop,mooks,copper,stripes
27,12437,prior_elicitation,bare,0,0,catprop,lorches,purple,feathers
27,15812,prior_elicitation,danger-distinct,1,5,catprop,moxes,green,shells
27,7264,prior_elicitation,bare,2,2,catprop,thups,blue,teeth
27,15575,prior_elicitation,danger-distinct,3,5,catprop,trufts,green,tails
27,15319,prior_elicitation,danger-distinct,4,50,catprop,reesles,blue,scales
27,5832,prior_elicitation,bare,5,20,catprop,stups,gold,spots
27,4477,prior_elicitation,nondistinctive,6,25,catprop,sapers,red,spots
27,10872,prior_elicitation,nondistinctive,7,40,catprop,blins,red,scales
27,7292,prior_elicitation,bare,8,100,catprop,daiths,gold,stripes
27,9610,prior_elicitation,danger-distinct,9,25,catprop,mooks,copper,stripes
27,8793,prior_elicitation,nondistinctive,10,20,catprop,plovs,gold,feathers
27,3492,prior_elicitation,nondistinctive,11,50,catprop,dorbs,yellow,scales
27,6223,prior_elicitation,danger-distinct,12,15,catprop,kweps,copper,fur
27,6300,prior_elicitation,nondistinctive,13,35,catprop,frams,silver,stripes
27,9649,prior_elicitation,danger-distinct,14,5,catprop,kazzes,orange,ears
27,5788,prior_elicitation,bare,15,5,catprop,luzaks,orange,shells
27,6539,prior_elicitation,danger-distinct,16,20,catprop,noobs,red,feathers
27,6924,prior_elicitation,nondistinctive,17,60,catprop,feps,pink,legs
27,16408,prior_elicitation,bare,18,80,catprop,morseths,silver,fur
27,5183,prior_elicitation,nondistinctive,19,40,catprop,taifels,purple,tails
27,11932,prior_elicitation,nondistinctive,20,45,catprop,krivels,pink,teeth
27,15194,prior_elicitation,danger-distinct,21,20,catprop,glippets,copper,spots
27,16164,prior_elicitation,bare,22,75,catprop,ollers,yellow,fur
27,11291,prior_elicitation,bare,23,0,catprop,ludinos,yellow,legs
27,7212,prior_elicitation,bare,24,5,catprop,elleps,pink,ears
27,7223,prior_elicitation,nondistinctive,25,30,catprop,ackles,silver,legs
27,6124,prior_elicitation,danger-distinct,26,5,catprop,cheebas,blue,ears
27,18711,prior_elicitation,nondistinctive,27,0,catprop,zorbs,orange,tails
27,18959,prior_elicitation,danger-distinct,28,10,catprop,javs,purple,shells
27,5983,prior_elicitation,bare,29,0,catprop,zoovs,green,teeth
28,32020,prior_elicitation,nondistinctive,0,15,catprop,noobs,red,feathers
28,21266,prior_elicitation,danger-distinct,1,20,catprop,glippets,copper,spots
28,17878,prior_elicitation,nondistinctive,2,33,catprop,blins,red,scales
28,19304,prior_elicitation,danger-distinct,3,5,catprop,cheebas,blue,ears
28,26484,prior_elicitation,danger-distinct,4,3,catprop,daiths,gold,stripes
28,13396,prior_elicitation,danger-distinct,5,12,catprop,ludinos,yellow,legs
28,15601,prior_elicitation,bare,6,23,catprop,trufts,green,tails
28,10650,prior_elicitation,bare,7,35,catprop,sapers,red,spots
28,10232,prior_elicitation,bare,8,14,catprop,reesles,blue,scales
28,9244,prior_elicitation,nondistinctive,9,37,catprop,morseths,silver,fur
28,15382,prior_elicitation,nondistinctive,10,20,catprop,javs,purple,shells
28,22715,prior_elicitation,danger-distinct,11,17,catprop,ackles,silver,legs
28,45059,prior_elicitation,danger-distinct,12,27,catprop,zorbs,orange,tails
28,10062,prior_elicitation,danger-distinct,13,18,catprop,feps,pink,legs
28,8216,prior_elicitation,nondistinctive,14,27,catprop,kazzes,orange,ears
28,5906,prior_elicitation,bare,15,18,catprop,ollers,yellow,fur
28,9172,prior_elicitation,danger-distinct,16,25,catprop,frams,silver,stripes
28,5369,prior_elicitation,bare,17,12,catprop,dorbs,yellow,scales
28,3960,prior_elicitation,bare,18,14,catprop,kweps,copper,fur
28,7389,prior_elicitation,nondistinctive,19,30,catprop,thups,blue,teeth
28,4471,prior_elicitation,bare,20,28,catprop,lorches,purple,feathers
28,8995,prior_elicitation,bare,21,18,catprop,mooks,copper,stripes
28,10036,prior_elicitation,nondistinctive,22,17,catprop,taifels,purple,tails
28,8656,prior_elicitation,danger-distinct,23,20,catprop,plovs,gold,feathers
28,6623,prior_elicitation,bare,24,15,catprop,zoovs,green,teeth
28,7120,prior_elicitation,nondistinctive,25,23,catprop,moxes,green,shells
28,3950,prior_elicitation,bare,26,21,catprop,elleps,pink,ears
28,8432,prior_elicitation,nondistinctive,27,18,catprop,krivels,pink,teeth
28,4994,prior_elicitation,nondistinctive,28,17,catprop,luzaks,orange,shells
28,6751,prior_elicitation,danger-distinct,29,12,catprop,stups,gold,spots
29,6575,prior_elicitation,bare,0,20,catprop,trufts,green,tails
29,9831,prior_elicitation,danger-distinct,1,5,catprop,feps,pink,legs
29,9407,prior_elicitation,bare,2,32,catprop,elleps,pink,ears
29,6472,prior_elicitation,danger-distinct,3,3,catprop,ludinos,yellow,legs
29,13976,prior_elicitation,nondistinctive,4,45,catprop,mooks,copper,stripes
29,11711,prior_elicitation,bare,5,10,catprop,kazzes,orange,ears
29,12872,prior_elicitation,danger-distinct,6,9,catprop,krivels,pink,teeth
29,8729,prior_elicitation,danger-distinct,7,2,catprop,frams,silver,stripes
29,7207,prior_elicitation,nondistinctive,8,25,catprop,noobs,red,feathers
29,13535,prior_elicitation,danger-distinct,9,5,catprop,ollers,yellow,fur
29,11759,prior_elicitation,nondistinctive,10,45,catprop,blins,red,scales
29,11728,prior_elicitation,nondistinctive,11,35,catprop,sapers,red,spots
29,7680,prior_elicitation,nondistinctive,12,50,catprop,plovs,gold,feathers
29,7760,prior_elicitation,nondistinctive,13,25,catprop,zorbs,orange,tails
29,32551,prior_elicitation,nondistinctive,14,35,catprop,reesles,blue,scales
29,4187,prior_elicitation,danger-distinct,15,1,catprop,zoovs,green,teeth
29,5141,prior_elicitation,bare,16,65,catprop,dorbs,yellow,scales
29,4944,prior_elicitation,bare,17,35,catprop,taifels,purple,tails
29,3552,prior_elicitation,bare,18,45,catprop,ackles,silver,legs
29,2552,prior_elicitation,bare,19,45,catprop,stups,gold,spots
29,7303,prior_elicitation,danger-distinct,20,1,catprop,lorches,purple,feathers
29,5656,prior_elicitation,bare,21,20,catprop,thups,blue,teeth
29,3616,prior_elicitation,bare,22,10,catprop,morseths,silver,fur
29,6175,prior_elicitation,bare,23,45,catprop,daiths,gold,stripes
29,7048,prior_elicitation,nondistinctive,24,35,catprop,glippets,copper,spots
29,5136,prior_elicitation,danger-distinct,25,15,catprop,moxes,green,shells
29,9400,prior_elicitation,nondistinctive,26,35,catprop,luzaks,orange,shells
29,10423,prior_elicitation,nondistinctive,27,35,catprop,cheebas,blue,ears
29,5583,prior_elicitation,danger-distinct,28,2,catprop,javs,purple,shells
29,5560,prior_elicitation,danger-distinct,29,1,catprop,kweps,copper,fur
